,Days,Run 1,Run 2,Run 3,Run 4,Run 5,Run 6,Run 7,Run 8,Run 9,Run 10,Run 11,Run 12,Run 13,Run 14,Run 15,Run 16,Run 17,Run 18,Run 19,Run 20,Run 21,Run 22,Run 23,Run 24,Run 25,Run 26,Run 27,Run 28,Run 29,Run 30,Run 31,Run 32,Run 33,Run 34,Run 35,Run 36,Run 37,Run 38,Run 39,Run 40,Run 41,Run 42,Run 43,Run 44,Run 45,Run 46,Run 47,Run 48,Run 49,Run 50,Run 51,Run 52,Run 53,Run 54,Run 55,Run 56,Run 57,Run 58,Run 59,Run 60,Run 61,Run 62,Run 63,Run 64,Run 65,Run 66,Run 67,Run 68,Run 69,Run 70,Run 71,Run 72,Run 73,Run 74,Run 75,Run 76,Run 77,Run 78,Run 79,Run 80,Run 81,Run 82,Run 83,Run 84,Run 85,Run 86,Run 87,Run 88,Run 89,Run 90,Run 91,Run 92,Run 93,Run 94,Run 95,Run 96,Run 97,Run 98,Run 99,Run 100,Run 101,Run 102,Run 103,Run 104,Run 105,Run 106,Run 107,Run 108,Run 109,Run 110,Run 111,Run 112,Run 113,Run 114,Run 115,Run 116,Run 117,Run 118,Run 119,Run 120,Run 121,Run 122,Run 123,Run 124,Run 125,Run 126,Run 127,Run 128,Run 129,Run 130,Run 131,Run 132,Run 133,Run 134,Run 135,Run 136,Run 137,Run 138,Run 139,Run 140,Run 141,Run 142,Run 143,Run 144,Run 145,Run 146,Run 147,Run 148,Run 149,Run 150,Run 151,Run 152,Run 153,Run 154,Run 155,Run 156,Run 157,Run 158,Run 159,Run 160,Run 161,Run 162,Run 163,Run 164,Run 165,Run 166,Run 167,Run 168,Run 169,Run 170,Run 171,Run 172,Run 173,Run 174,Run 175,Run 176,Run 177,Run 178,Run 179,Run 180,Run 181,Run 182,Run 183,Run 184,Run 185,Run 186,Run 187,Run 188,Run 189,Run 190,Run 191,Run 192,Run 193,Run 194,Run 195,Run 196,Run 197,Run 198,Run 199,Run 200,Run 201,Run 202,Run 203,Run 204,Run 205,Run 206,Run 207,Run 208,Run 209,Run 210,Run 211,Run 212,Run 213,Run 214,Run 215,Run 216,Run 217,Run 218,Run 219,Run 220,Run 221,Run 222,Run 223,Run 224,Run 225,Run 226,Run 227,Run 228,Run 229,Run 230,Run 231,Run 232,Run 233,Run 234,Run 235,Run 236,Run 237,Run 238,Run 239,Run 240,Run 241,Run 242,Run 243,Run 244,Run 245,Run 246,Run 247,Run 248,Run 249,Run 250,Run 251,Run 252,Run 253,Run 254,Run 255,Run 256,Run 257,Run 258,Run 259,Run 260,Run 261,Run 262,Run 263,Run 264,Run 265,Run 266,Run 267,Run 268,Run 269,Run 270,Run 271,Run 272,Run 273,Run 274,Run 275,Run 276,Run 277,Run 278,Run 279,Run 280,Run 281,Run 282,Run 283,Run 284,Run 285,Run 286,Run 287,Run 288,Run 289,Run 290,Run 291,Run 292,Run 293,Run 294,Run 295,Run 296,Run 297,Run 298,Run 299,Run 300,Run 301,Run 302,Run 303,Run 304,Run 305,Run 306,Run 307,Run 308,Run 309,Run 310,mean
0,0.0,999.0,999.0,999.0,999.0,999.0,999.0,999.0,999.0,999.0,999.0,999.0,999.0,999.0,999.0,999.0,999.0,999.0,999.0,999.0,999.0,999.0,999.0,999.0,999.0,999.0,999.0,999.0,999.0,999.0,999.0,999.0,999.0,999.0,999.0,999.0,999.0,999.0,999.0,999.0,999.0,999.0,999.0,999.0,999.0,999.0,999.0,999.0,999.0,999.0,999.0,999.0,999.0,999.0,999.0,999.0,999.0,999.0,999.0,999.0,999.0,999.0,999.0,999.0,999.0,999.0,999.0,999.0,999.0,999.0,999.0,999.0,999.0,999.0,999.0,999.0,999.0,999.0,999.0,999.0,999.0,999.0,999.0,999.0,999.0,999.0,999.0,999.0,999.0,999.0,999.0,999.0,999.0,999.0,999.0,999.0,999.0,999.0,999.0,999.0,999.0,999.0,999.0,999.0,999.0,999.0,999.0,999.0,999.0,999.0,999.0,999.0,999.0,999.0,999.0,999.0,999.0,999.0,999.0,999.0,999.0,999.0,999.0,999.0,999.0,999.0,999.0,999.0,999.0,999.0,999.0,999.0,999.0,999.0,999.0,999.0,999.0,999.0,999.0,999.0,999.0,999.0,999.0,999.0,999.0,999.0,999.0,999.0,999.0,999.0,999.0,999.0,999.0,999.0,999.0,999.0,999.0,999.0,999.0,999.0,999.0,999.0,999.0,999.0,999.0,999.0,999.0,999.0,999.0,999.0,999.0,999.0,999.0,999.0,999.0,999.0,999.0,999.0,999.0,999.0,999.0,999.0,999.0,999.0,999.0,999.0,999.0,999.0,999.0,999.0,999.0,999.0,999.0,999.0,999.0,999.0,999.0,999.0,999.0,999.0,999.0,999.0,999.0,999.0,999.0,999.0,999.0,999.0,999.0,999.0,999.0,999.0,999.0,999.0,999.0,999.0,999.0,999.0,999.0,999.0,999.0,999.0,999.0,999.0,999.0,999.0,999.0,999.0,999.0,999.0,999.0,999.0,999.0,999.0,999.0,999.0,999.0,999.0,999.0,999.0,999.0,999.0,999.0,999.0,999.0,999.0,999.0,999.0,999.0,999.0,999.0,999.0,999.0,999.0,999.0,999.0,999.0,999.0,999.0,999.0,999.0,999.0,999.0,999.0,999.0,999.0,999.0,999.0,999.0,999.0,999.0,999.0,999.0,999.0,999.0,999.0,999.0,999.0,999.0,999.0,999.0,999.0,999.0,999.0,999.0,999.0,999.0,999.0,999.0,999.0,999.0,999.0,999.0,999.0,999.0,999.0,999.0,999.0,999.0,999.0,999.0,999.0,999.0,999.0,999.0,999.0,999.0,999.0,999.0,999.0,999.0,999.0
1,1.0,998.0,999.0,998.0,996.0,998.0,998.0,998.0,999.0,998.0,998.0,995.0,998.0,998.0,999.0,998.0,998.0,996.0,999.0,997.0,998.0,995.0,998.0,998.0,996.0,998.0,998.0,998.0,998.0,999.0,998.0,998.0,997.0,997.0,999.0,999.0,998.0,997.0,997.0,996.0,998.0,996.0,996.0,998.0,998.0,993.0,998.0,998.0,999.0,998.0,999.0,999.0,998.0,999.0,997.0,999.0,999.0,996.0,999.0,998.0,997.0,998.0,999.0,998.0,998.0,999.0,975.0,978.0,999.0,999.0,998.0,999.0,998.0,999.0,994.0,996.0,999.0,997.0,999.0,999.0,997.0,997.0,996.0,996.0,996.0,999.0,998.0,999.0,997.0,996.0,999.0,999.0,999.0,998.0,997.0,997.0,999.0,996.0,997.0,999.0,998.0,996.0,998.0,997.0,998.0,999.0,998.0,998.0,996.0,999.0,998.0,998.0,997.0,999.0,996.0,997.0,999.0,999.0,998.0,997.0,997.0,996.0,999.0,997.0,999.0,997.0,999.0,999.0,996.0,997.0,998.0,998.0,998.0,997.0,998.0,998.0,999.0,998.0,999.0,998.0,997.0,998.0,999.0,999.0,996.0,997.0,998.0,997.0,998.0,999.0,994.0,999.0,999.0,997.0,999.0,997.0,997.0,999.0,998.0,999.0,998.0,998.0,997.0,998.0,997.0,997.0,995.0,999.0,997.0,999.0,997.0,996.0,999.0,999.0,998.0,996.0,998.0,998.0,999.0,997.0,999.0,998.0,997.0,996.0,998.0,996.0,998.0,999.0,999.0,995.0,999.0,996.0,997.0,998.0,999.0,998.0,999.0,997.0,998.0,997.0,995.0,997.0,997.0,997.0,996.0,997.0,999.0,998.0,997.0,998.0,998.0,997.0,997.0,999.0,999.0,999.0,997.0,997.0,998.0,998.0,999.0,999.0,996.0,999.0,999.0,998.0,999.0,998.0,998.0,983.0,999.0,998.0,997.0,993.0,999.0,993.0,998.0,995.0,995.0,996.0,997.0,999.0,999.0,998.0,993.0,999.0,999.0,998.0,998.0,995.0,982.0,998.0,998.0,996.0,996.0,999.0,997.0,998.0,998.0,997.0,998.0,995.0,996.0,996.0,995.0,998.0,999.0,998.0,997.0,999.0,999.0,999.0,996.0,997.0,999.0,996.0,997.0,999.0,999.0,998.0,998.0,995.0,999.0,999.0,999.0,997.0,997.0,996.0,999.0,997.0,998.0,997.0,997.0,998.0,997.0,997.0,997.0,998.0,998.0,999.0,997.0,999.0,998.0,999.0,999.0,998.0,999.0,997.0,998.0,998.0,997.0,997.421052631579
2,2.0,998.0,999.0,998.0,996.0,996.0,997.0,997.0,998.0,998.0,999.0,995.0,998.0,997.0,994.0,997.0,998.0,995.0,998.0,994.0,998.0,995.0,998.0,999.0,996.0,996.0,997.0,994.0,998.0,999.0,997.0,999.0,995.0,996.0,999.0,999.0,998.0,994.0,998.0,996.0,996.0,994.0,996.0,994.0,998.0,984.0,993.0,996.0,999.0,998.0,999.0,997.0,998.0,999.0,991.0,997.0,999.0,997.0,998.0,996.0,995.0,998.0,999.0,998.0,995.0,999.0,964.0,968.0,999.0,997.0,996.0,999.0,996.0,996.0,991.0,996.0,999.0,996.0,999.0,996.0,997.0,993.0,996.0,994.0,994.0,999.0,996.0,999.0,997.0,992.0,999.0,999.0,1000.0,997.0,997.0,997.0,999.0,993.0,997.0,993.0,998.0,994.0,995.0,997.0,999.0,1000.0,999.0,998.0,995.0,996.0,999.0,997.0,996.0,997.0,995.0,997.0,999.0,998.0,998.0,997.0,993.0,994.0,999.0,996.0,997.0,994.0,999.0,998.0,996.0,997.0,995.0,996.0,995.0,994.0,995.0,998.0,993.0,997.0,999.0,998.0,997.0,998.0,998.0,995.0,993.0,997.0,993.0,997.0,998.0,998.0,990.0,999.0,997.0,995.0,999.0,997.0,997.0,997.0,998.0,997.0,995.0,998.0,992.0,996.0,997.0,992.0,995.0,999.0,994.0,999.0,994.0,995.0,998.0,999.0,998.0,994.0,998.0,998.0,999.0,996.0,1000.0,998.0,996.0,995.0,998.0,996.0,998.0,999.0,998.0,995.0,999.0,993.0,997.0,995.0,997.0,994.0,1000.0,998.0,998.0,997.0,995.0,997.0,997.0,997.0,996.0,998.0,998.0,997.0,997.0,997.0,998.0,997.0,997.0,999.0,995.0,999.0,997.0,997.0,995.0,997.0,998.0,999.0,994.0,999.0,999.0,998.0,999.0,998.0,998.0,965.0,999.0,998.0,997.0,990.0,998.0,993.0,996.0,991.0,996.0,996.0,997.0,999.0,999.0,998.0,993.0,997.0,997.0,996.0,998.0,996.0,978.0,999.0,997.0,995.0,995.0,994.0,997.0,998.0,996.0,997.0,996.0,995.0,993.0,995.0,995.0,993.0,998.0,998.0,993.0,997.0,999.0,998.0,996.0,997.0,1000.0,989.0,996.0,996.0,997.0,998.0,998.0,995.0,997.0,1000.0,998.0,997.0,994.0,996.0,999.0,997.0,998.0,997.0,998.0,995.0,994.0,997.0,997.0,998.0,997.0,999.0,993.0,999.0,996.0,999.0,1000.0,996.0,997.0,995.0,993.0,995.0,997.0,996.296052631579
3,3.0,999.0,997.0,998.0,996.0,995.0,997.0,997.0,996.0,999.0,999.0,995.0,998.0,997.0,991.0,997.0,996.0,991.0,997.0,993.0,998.0,992.0,999.0,998.0,996.0,995.0,997.0,994.0,998.0,999.0,993.0,999.0,994.0,995.0,998.0,999.0,994.0,993.0,997.0,996.0,995.0,988.0,994.0,988.0,999.0,976.0,993.0,996.0,998.0,998.0,999.0,997.0,999.0,999.0,988.0,997.0,999.0,990.0,998.0,989.0,994.0,997.0,999.0,996.0,993.0,999.0,949.0,954.0,999.0,997.0,995.0,999.0,996.0,996.0,990.0,994.0,999.0,992.0,999.0,995.0,997.0,988.0,994.0,991.0,986.0,1000.0,993.0,998.0,996.0,989.0,1000.0,1000.0,1000.0,995.0,997.0,997.0,999.0,988.0,996.0,993.0,995.0,995.0,995.0,997.0,999.0,1000.0,999.0,996.0,990.0,997.0,997.0,997.0,993.0,996.0,993.0,997.0,998.0,994.0,997.0,997.0,993.0,990.0,999.0,995.0,997.0,992.0,999.0,997.0,994.0,994.0,993.0,995.0,993.0,993.0,994.0,995.0,992.0,994.0,997.0,998.0,995.0,998.0,999.0,995.0,993.0,997.0,992.0,995.0,998.0,998.0,990.0,999.0,997.0,995.0,1000.0,997.0,997.0,995.0,991.0,996.0,994.0,994.0,991.0,997.0,995.0,989.0,994.0,999.0,994.0,997.0,991.0,995.0,998.0,999.0,998.0,987.0,998.0,999.0,999.0,994.0,1000.0,999.0,994.0,992.0,998.0,993.0,996.0,999.0,995.0,992.0,999.0,990.0,997.0,995.0,998.0,989.0,1000.0,998.0,998.0,997.0,990.0,995.0,993.0,997.0,996.0,994.0,998.0,995.0,997.0,997.0,998.0,997.0,997.0,999.0,994.0,999.0,994.0,994.0,995.0,995.0,996.0,999.0,991.0,998.0,999.0,998.0,999.0,998.0,997.0,956.0,999.0,998.0,997.0,987.0,998.0,990.0,996.0,989.0,993.0,995.0,994.0,999.0,999.0,998.0,993.0,993.0,997.0,995.0,996.0,993.0,973.0,999.0,996.0,993.0,993.0,994.0,996.0,999.0,996.0,997.0,996.0,992.0,991.0,993.0,991.0,992.0,997.0,995.0,993.0,997.0,999.0,999.0,997.0,995.0,1000.0,987.0,992.0,993.0,997.0,994.0,999.0,990.0,997.0,1000.0,996.0,997.0,991.0,995.0,1000.0,995.0,998.0,997.0,995.0,995.0,993.0,997.0,994.0,997.0,997.0,1000.0,992.0,999.0,993.0,998.0,1000.0,995.0,995.0,995.0,990.0,995.0,993.0,995.0328947368421
4,4.0,999.0,997.0,998.0,995.0,990.0,997.0,998.0,996.0,998.0,999.0,994.0,997.0,997.0,988.0,992.0,997.0,989.0,995.0,992.0,998.0,990.0,999.0,996.0,996.0,995.0,998.0,992.0,998.0,999.0,987.0,999.0,991.0,996.0,998.0,999.0,994.0,992.0,992.0,996.0,993.0,987.0,994.0,983.0,997.0,973.0,991.0,994.0,995.0,996.0,999.0,993.0,997.0,999.0,985.0,997.0,999.0,987.0,998.0,988.0,992.0,998.0,999.0,996.0,988.0,999.0,915.0,931.0,999.0,997.0,993.0,999.0,994.0,996.0,986.0,990.0,999.0,990.0,998.0,991.0,997.0,983.0,992.0,991.0,977.0,1000.0,993.0,997.0,994.0,987.0,1000.0,1000.0,1000.0,990.0,997.0,998.0,1000.0,985.0,995.0,993.0,993.0,994.0,992.0,993.0,999.0,1000.0,999.0,996.0,989.0,997.0,992.0,995.0,991.0,995.0,990.0,996.0,998.0,994.0,997.0,997.0,991.0,983.0,999.0,992.0,997.0,988.0,999.0,997.0,992.0,992.0,993.0,994.0,988.0,994.0,990.0,992.0,988.0,994.0,998.0,998.0,994.0,998.0,999.0,992.0,992.0,995.0,990.0,994.0,998.0,997.0,989.0,999.0,995.0,993.0,1000.0,991.0,996.0,995.0,991.0,995.0,989.0,992.0,985.0,992.0,993.0,987.0,994.0,999.0,989.0,997.0,985.0,994.0,998.0,999.0,998.0,987.0,999.0,999.0,999.0,988.0,1000.0,999.0,991.0,990.0,998.0,989.0,994.0,997.0,991.0,992.0,999.0,982.0,997.0,995.0,998.0,986.0,1000.0,998.0,998.0,997.0,987.0,995.0,990.0,995.0,995.0,991.0,995.0,994.0,997.0,997.0,998.0,997.0,996.0,999.0,988.0,999.0,991.0,991.0,995.0,989.0,995.0,999.0,984.0,998.0,996.0,996.0,1000.0,998.0,997.0,935.0,999.0,998.0,997.0,984.0,997.0,989.0,995.0,986.0,988.0,990.0,994.0,997.0,999.0,997.0,991.0,992.0,997.0,993.0,996.0,989.0,956.0,999.0,996.0,988.0,990.0,991.0,995.0,997.0,995.0,997.0,996.0,988.0,986.0,993.0,991.0,989.0,998.0,996.0,989.0,991.0,999.0,999.0,996.0,994.0,1000.0,981.0,986.0,988.0,992.0,994.0,999.0,986.0,995.0,1000.0,995.0,997.0,990.0,995.0,1000.0,995.0,998.0,997.0,995.0,996.0,984.0,996.0,992.0,996.0,997.0,1000.0,989.0,999.0,992.0,998.0,1000.0,993.0,993.0,992.0,985.0,993.0,990.0,993.2763157894736
5,5.0,999.0,997.0,998.0,995.0,989.0,997.0,996.0,993.0,997.0,999.0,991.0,996.0,997.0,980.0,992.0,993.0,972.0,990.0,991.0,999.0,988.0,999.0,994.0,991.0,994.0,997.0,988.0,998.0,999.0,986.0,999.0,987.0,996.0,994.0,999.0,993.0,990.0,992.0,994.0,988.0,983.0,986.0,980.0,997.0,958.0,989.0,994.0,994.0,998.0,999.0,993.0,996.0,999.0,983.0,996.0,999.0,983.0,998.0,976.0,986.0,998.0,999.0,996.0,984.0,999.0,883.0,912.0,999.0,995.0,992.0,1000.0,994.0,992.0,983.0,984.0,999.0,990.0,998.0,986.0,997.0,976.0,991.0,990.0,977.0,1000.0,992.0,997.0,993.0,976.0,1000.0,1000.0,1000.0,986.0,998.0,998.0,1000.0,983.0,990.0,990.0,991.0,993.0,985.0,991.0,999.0,1000.0,999.0,995.0,988.0,997.0,993.0,994.0,986.0,995.0,985.0,993.0,998.0,986.0,997.0,997.0,988.0,978.0,1000.0,991.0,997.0,983.0,1000.0,995.0,988.0,992.0,991.0,992.0,983.0,992.0,985.0,990.0,987.0,995.0,998.0,998.0,993.0,995.0,999.0,987.0,988.0,989.0,987.0,994.0,999.0,996.0,981.0,999.0,993.0,989.0,1000.0,989.0,995.0,995.0,987.0,991.0,990.0,991.0,979.0,990.0,992.0,977.0,994.0,1000.0,987.0,993.0,976.0,994.0,998.0,999.0,996.0,977.0,999.0,999.0,999.0,988.0,1000.0,998.0,991.0,990.0,996.0,984.0,993.0,997.0,989.0,985.0,999.0,980.0,997.0,993.0,998.0,984.0,1000.0,993.0,998.0,997.0,987.0,996.0,988.0,995.0,995.0,986.0,995.0,989.0,997.0,995.0,999.0,995.0,997.0,999.0,982.0,999.0,989.0,988.0,995.0,989.0,991.0,999.0,983.0,997.0,996.0,995.0,1000.0,998.0,992.0,916.0,999.0,998.0,997.0,979.0,997.0,981.0,992.0,985.0,989.0,989.0,994.0,995.0,999.0,997.0,985.0,989.0,998.0,991.0,993.0,987.0,936.0,999.0,996.0,985.0,987.0,992.0,994.0,993.0,996.0,995.0,994.0,988.0,978.0,989.0,990.0,985.0,996.0,996.0,989.0,991.0,999.0,999.0,995.0,996.0,1000.0,975.0,983.0,986.0,991.0,987.0,999.0,980.0,990.0,1000.0,996.0,996.0,988.0,995.0,1000.0,990.0,997.0,997.0,993.0,991.0,981.0,994.0,987.0,991.0,997.0,1000.0,987.0,999.0,985.0,996.0,1000.0,993.0,991.0,990.0,982.0,985.0,990.0,991.141447368421
6,6.0,999.0,997.0,998.0,994.0,977.0,995.0,994.0,992.0,997.0,999.0,991.0,996.0,997.0,979.0,990.0,992.0,966.0,987.0,989.0,998.0,984.0,999.0,994.0,986.0,986.0,996.0,983.0,996.0,999.0,978.0,999.0,986.0,995.0,994.0,999.0,989.0,985.0,987.0,992.0,983.0,981.0,983.0,971.0,997.0,942.0,987.0,992.0,992.0,998.0,999.0,988.0,993.0,999.0,975.0,995.0,999.0,977.0,996.0,973.0,984.0,998.0,999.0,996.0,979.0,999.0,856.0,879.0,1000.0,996.0,986.0,1000.0,993.0,990.0,982.0,980.0,999.0,987.0,997.0,986.0,995.0,971.0,985.0,983.0,971.0,1000.0,992.0,996.0,989.0,969.0,1000.0,1000.0,1000.0,982.0,997.0,998.0,1000.0,975.0,986.0,983.0,991.0,987.0,974.0,988.0,997.0,1000.0,999.0,993.0,985.0,997.0,992.0,993.0,982.0,993.0,983.0,993.0,998.0,981.0,995.0,997.0,981.0,977.0,1000.0,986.0,994.0,974.0,1000.0,992.0,983.0,992.0,984.0,992.0,981.0,992.0,979.0,986.0,970.0,993.0,998.0,994.0,993.0,995.0,999.0,982.0,983.0,988.0,986.0,989.0,999.0,996.0,973.0,999.0,993.0,988.0,1000.0,983.0,989.0,995.0,986.0,989.0,989.0,987.0,963.0,984.0,991.0,969.0,995.0,1000.0,981.0,990.0,973.0,990.0,998.0,999.0,995.0,970.0,999.0,999.0,999.0,987.0,1000.0,998.0,991.0,989.0,995.0,978.0,991.0,995.0,984.0,983.0,999.0,973.0,997.0,989.0,998.0,975.0,1000.0,993.0,999.0,995.0,982.0,993.0,984.0,993.0,994.0,979.0,995.0,986.0,997.0,995.0,999.0,995.0,997.0,1000.0,975.0,999.0,985.0,983.0,989.0,986.0,987.0,999.0,973.0,996.0,994.0,989.0,1000.0,998.0,989.0,890.0,999.0,998.0,994.0,971.0,997.0,975.0,993.0,981.0,979.0,985.0,994.0,991.0,999.0,997.0,979.0,986.0,998.0,991.0,994.0,981.0,914.0,999.0,997.0,979.0,982.0,988.0,993.0,992.0,996.0,995.0,993.0,984.0,977.0,988.0,988.0,983.0,997.0,996.0,985.0,989.0,999.0,999.0,993.0,996.0,1000.0,961.0,974.0,970.0,986.0,987.0,999.0,976.0,990.0,1000.0,992.0,996.0,985.0,996.0,1000.0,988.0,997.0,998.0,989.0,989.0,975.0,994.0,983.0,988.0,994.0,1000.0,984.0,999.0,978.0,994.0,1000.0,992.0,991.0,988.0,981.0,980.0,987.0,988.3223684210526
7,7.0,999.0,997.0,998.0,995.0,968.0,995.0,988.0,992.0,997.0,999.0,987.0,996.0,997.0,969.0,986.0,979.0,951.0,983.0,987.0,997.0,978.0,999.0,993.0,979.0,982.0,996.0,980.0,996.0,999.0,977.0,998.0,984.0,988.0,988.0,999.0,986.0,976.0,984.0,992.0,973.0,977.0,963.0,962.0,997.0,904.0,982.0,991.0,991.0,998.0,999.0,985.0,993.0,999.0,970.0,994.0,1000.0,972.0,996.0,957.0,979.0,998.0,999.0,997.0,955.0,999.0,827.0,844.0,1000.0,996.0,984.0,1000.0,993.0,986.0,975.0,978.0,999.0,984.0,993.0,980.0,993.0,963.0,985.0,980.0,961.0,1000.0,994.0,996.0,986.0,967.0,1000.0,1000.0,1000.0,977.0,998.0,998.0,1000.0,963.0,983.0,977.0,985.0,983.0,961.0,986.0,997.0,1000.0,999.0,993.0,983.0,996.0,991.0,993.0,975.0,990.0,977.0,994.0,999.0,972.0,994.0,998.0,977.0,966.0,1000.0,983.0,991.0,963.0,1000.0,992.0,978.0,990.0,981.0,988.0,970.0,986.0,967.0,983.0,964.0,990.0,996.0,994.0,993.0,994.0,999.0,977.0,983.0,983.0,978.0,990.0,999.0,994.0,971.0,1000.0,994.0,982.0,1000.0,980.0,987.0,993.0,980.0,980.0,988.0,981.0,956.0,982.0,991.0,958.0,995.0,1000.0,978.0,983.0,966.0,987.0,999.0,999.0,994.0,969.0,996.0,999.0,999.0,976.0,1000.0,997.0,988.0,988.0,990.0,966.0,988.0,991.0,980.0,980.0,999.0,962.0,997.0,988.0,998.0,961.0,1000.0,993.0,999.0,995.0,973.0,991.0,982.0,991.0,995.0,970.0,994.0,984.0,997.0,992.0,999.0,992.0,997.0,1000.0,971.0,999.0,981.0,972.0,984.0,983.0,985.0,1000.0,966.0,994.0,994.0,989.0,1000.0,999.0,988.0,852.0,999.0,999.0,993.0,951.0,997.0,976.0,983.0,969.0,977.0,982.0,990.0,991.0,999.0,995.0,971.0,983.0,998.0,989.0,992.0,975.0,893.0,999.0,996.0,973.0,976.0,983.0,988.0,992.0,993.0,995.0,993.0,977.0,966.0,984.0,989.0,973.0,997.0,994.0,977.0,985.0,999.0,999.0,989.0,995.0,1000.0,956.0,956.0,961.0,980.0,983.0,999.0,973.0,984.0,1000.0,990.0,994.0,984.0,995.0,1000.0,986.0,997.0,998.0,986.0,988.0,964.0,990.0,975.0,988.0,992.0,1000.0,981.0,999.0,968.0,994.0,1000.0,987.0,986.0,987.0,974.0,970.0,984.0,984.7072368421053
8,8.0,999.0,994.0,998.0,995.0,957.0,994.0,988.0,990.0,996.0,999.0,985.0,997.0,995.0,956.0,984.0,973.0,936.0,970.0,985.0,996.0,973.0,999.0,991.0,972.0,978.0,995.0,975.0,996.0,999.0,966.0,997.0,979.0,988.0,984.0,999.0,986.0,970.0,980.0,992.0,955.0,970.0,954.0,954.0,995.0,865.0,981.0,987.0,983.0,997.0,999.0,981.0,992.0,999.0,962.0,993.0,1000.0,965.0,997.0,949.0,976.0,998.0,1000.0,997.0,946.0,999.0,779.0,811.0,1000.0,994.0,984.0,1000.0,987.0,980.0,964.0,967.0,999.0,982.0,992.0,977.0,987.0,953.0,978.0,973.0,955.0,1000.0,992.0,996.0,980.0,959.0,1000.0,1000.0,1000.0,963.0,996.0,997.0,1000.0,952.0,976.0,974.0,980.0,969.0,949.0,985.0,997.0,1000.0,999.0,993.0,978.0,995.0,984.0,988.0,969.0,983.0,971.0,993.0,999.0,966.0,990.0,998.0,969.0,958.0,1000.0,970.0,984.0,950.0,1000.0,989.0,976.0,987.0,981.0,982.0,957.0,981.0,962.0,979.0,955.0,987.0,994.0,988.0,985.0,995.0,999.0,961.0,979.0,976.0,971.0,981.0,999.0,992.0,965.0,1000.0,994.0,974.0,1000.0,977.0,974.0,994.0,976.0,970.0,983.0,968.0,951.0,979.0,988.0,940.0,991.0,1000.0,971.0,978.0,956.0,978.0,999.0,999.0,994.0,958.0,991.0,999.0,999.0,974.0,1000.0,994.0,985.0,981.0,980.0,955.0,990.0,990.0,971.0,970.0,999.0,955.0,997.0,978.0,998.0,956.0,1000.0,985.0,999.0,995.0,970.0,986.0,981.0,992.0,995.0,956.0,995.0,981.0,995.0,986.0,999.0,990.0,997.0,1000.0,963.0,999.0,975.0,967.0,979.0,977.0,983.0,1000.0,966.0,994.0,994.0,988.0,1000.0,999.0,986.0,807.0,999.0,999.0,994.0,929.0,997.0,965.0,980.0,955.0,969.0,974.0,990.0,986.0,1000.0,995.0,966.0,981.0,998.0,980.0,986.0,960.0,852.0,999.0,993.0,968.0,968.0,981.0,983.0,991.0,992.0,995.0,989.0,973.0,960.0,982.0,986.0,959.0,997.0,989.0,970.0,978.0,999.0,999.0,988.0,993.0,1000.0,937.0,948.0,952.0,973.0,981.0,996.0,963.0,974.0,1000.0,990.0,992.0,976.0,996.0,1000.0,981.0,998.0,998.0,981.0,983.0,954.0,990.0,973.0,979.0,992.0,1000.0,968.0,999.0,959.0,990.0,1000.0,985.0,977.0,986.0,969.0,959.0,975.0,980.0263157894736
9,9.0,999.0,994.0,998.0,995.0,946.0,992.0,983.0,988.0,994.0,999.0,982.0,998.0,995.0,942.0,979.0,969.0,915.0,967.0,986.0,994.0,953.0,999.0,989.0,967.0,978.0,997.0,966.0,996.0,1000.0,952.0,997.0,969.0,971.0,979.0,999.0,979.0,959.0,976.0,991.0,944.0,964.0,944.0,945.0,996.0,827.0,979.0,980.0,976.0,993.0,1000.0,977.0,987.0,999.0,950.0,981.0,1000.0,949.0,995.0,939.0,974.0,998.0,1000.0,996.0,943.0,1000.0,731.0,778.0,1000.0,992.0,975.0,1000.0,983.0,976.0,956.0,960.0,999.0,981.0,991.0,975.0,979.0,944.0,971.0,966.0,949.0,1000.0,992.0,996.0,973.0,951.0,1000.0,1000.0,1000.0,951.0,995.0,995.0,1000.0,943.0,969.0,968.0,975.0,961.0,932.0,975.0,997.0,1000.0,999.0,992.0,975.0,989.0,984.0,986.0,960.0,981.0,962.0,992.0,999.0,950.0,987.0,995.0,961.0,943.0,1000.0,954.0,973.0,936.0,1000.0,981.0,959.0,986.0,970.0,983.0,946.0,976.0,946.0,971.0,950.0,982.0,994.0,982.0,981.0,995.0,999.0,949.0,976.0,962.0,968.0,972.0,999.0,984.0,956.0,1000.0,989.0,966.0,1000.0,973.0,963.0,992.0,972.0,965.0,976.0,954.0,938.0,975.0,989.0,931.0,988.0,1000.0,970.0,972.0,944.0,977.0,999.0,1000.0,993.0,954.0,988.0,999.0,999.0,968.0,1000.0,994.0,975.0,976.0,970.0,951.0,985.0,986.0,968.0,960.0,999.0,933.0,997.0,976.0,996.0,949.0,1000.0,982.0,999.0,996.0,957.0,982.0,977.0,992.0,997.0,941.0,994.0,979.0,993.0,986.0,999.0,985.0,998.0,1000.0,947.0,999.0,963.0,962.0,975.0,969.0,980.0,1000.0,958.0,994.0,994.0,986.0,1000.0,999.0,982.0,761.0,999.0,999.0,992.0,907.0,995.0,951.0,979.0,938.0,960.0,966.0,990.0,977.0,1000.0,990.0,958.0,972.0,998.0,978.0,983.0,945.0,828.0,999.0,993.0,964.0,962.0,975.0,973.0,988.0,992.0,994.0,985.0,955.0,948.0,979.0,978.0,953.0,997.0,988.0,967.0,963.0,999.0,999.0,985.0,991.0,1000.0,924.0,935.0,935.0,971.0,974.0,992.0,948.0,971.0,1000.0,980.0,992.0,971.0,993.0,1000.0,972.0,997.0,998.0,977.0,980.0,946.0,990.0,970.0,974.0,990.0,1000.0,959.0,999.0,945.0,981.0,1000.0,978.0,968.0,987.0,962.0,945.0,968.0,974.6809210526316
10,10.0,999.0,991.0,998.0,993.0,933.0,991.0,979.0,973.0,995.0,999.0,974.0,998.0,993.0,918.0,975.0,953.0,902.0,964.0,980.0,996.0,941.0,999.0,989.0,951.0,976.0,997.0,953.0,993.0,1000.0,949.0,996.0,955.0,951.0,968.0,1000.0,971.0,952.0,963.0,982.0,924.0,960.0,919.0,935.0,994.0,774.0,971.0,977.0,975.0,990.0,1000.0,972.0,984.0,999.0,928.0,975.0,1000.0,941.0,993.0,916.0,965.0,998.0,1000.0,994.0,921.0,1000.0,656.0,742.0,1000.0,988.0,965.0,1000.0,974.0,967.0,934.0,939.0,999.0,970.0,989.0,968.0,964.0,925.0,960.0,968.0,932.0,1000.0,992.0,996.0,968.0,944.0,1000.0,1000.0,1000.0,932.0,994.0,992.0,1000.0,931.0,965.0,964.0,962.0,952.0,910.0,964.0,997.0,1000.0,999.0,994.0,972.0,984.0,975.0,969.0,956.0,972.0,951.0,989.0,999.0,942.0,984.0,995.0,950.0,929.0,1000.0,941.0,967.0,911.0,1000.0,978.0,956.0,986.0,960.0,980.0,923.0,962.0,927.0,967.0,933.0,975.0,994.0,979.0,975.0,991.0,999.0,930.0,972.0,948.0,955.0,958.0,1000.0,980.0,941.0,1000.0,986.0,950.0,1000.0,966.0,951.0,990.0,963.0,959.0,973.0,940.0,917.0,972.0,985.0,916.0,981.0,1000.0,963.0,966.0,926.0,973.0,999.0,1000.0,990.0,937.0,983.0,999.0,999.0,958.0,1000.0,992.0,971.0,969.0,960.0,935.0,984.0,986.0,960.0,940.0,999.0,918.0,997.0,971.0,996.0,943.0,1000.0,979.0,999.0,994.0,950.0,980.0,965.0,988.0,997.0,923.0,991.0,972.0,991.0,976.0,999.0,985.0,998.0,1000.0,939.0,1000.0,951.0,952.0,969.0,965.0,976.0,1000.0,943.0,994.0,995.0,985.0,1000.0,999.0,984.0,690.0,999.0,999.0,992.0,870.0,990.0,934.0,972.0,911.0,947.0,945.0,988.0,967.0,1000.0,984.0,944.0,967.0,998.0,971.0,975.0,930.0,784.0,999.0,993.0,935.0,952.0,965.0,966.0,984.0,984.0,994.0,982.0,946.0,923.0,967.0,966.0,944.0,997.0,981.0,962.0,956.0,1000.0,999.0,979.0,988.0,1000.0,898.0,913.0,932.0,965.0,966.0,986.0,930.0,966.0,1000.0,975.0,988.0,966.0,991.0,1000.0,964.0,994.0,998.0,971.0,976.0,920.0,986.0,960.0,963.0,988.0,1000.0,946.0,999.0,927.0,977.0,1000.0,970.0,959.0,982.0,940.0,942.0,952.0,967.1447368421053
11,11.0,999.0,991.0,998.0,992.0,920.0,986.0,972.0,966.0,995.0,999.0,956.0,995.0,995.0,909.0,969.0,934.0,851.0,948.0,975.0,996.0,920.0,1000.0,989.0,944.0,966.0,997.0,947.0,992.0,1000.0,938.0,993.0,948.0,947.0,958.0,1000.0,963.0,940.0,959.0,981.0,904.0,952.0,893.0,917.0,994.0,712.0,959.0,970.0,963.0,988.0,1000.0,964.0,976.0,999.0,910.0,973.0,1000.0,924.0,988.0,901.0,956.0,998.0,1000.0,993.0,905.0,1000.0,596.0,662.0,1000.0,988.0,951.0,1000.0,967.0,950.0,925.0,917.0,999.0,964.0,986.0,957.0,949.0,910.0,950.0,958.0,918.0,1000.0,990.0,996.0,960.0,917.0,1000.0,1000.0,1000.0,921.0,991.0,990.0,1000.0,921.0,957.0,955.0,958.0,931.0,897.0,946.0,997.0,1000.0,1000.0,985.0,965.0,981.0,972.0,962.0,945.0,965.0,941.0,989.0,999.0,935.0,983.0,993.0,946.0,913.0,1000.0,930.0,952.0,895.0,1000.0,979.0,935.0,984.0,947.0,972.0,916.0,953.0,906.0,961.0,917.0,964.0,992.0,977.0,968.0,991.0,999.0,913.0,966.0,929.0,939.0,945.0,1000.0,965.0,912.0,1000.0,978.0,942.0,1000.0,955.0,935.0,988.0,953.0,952.0,967.0,925.0,903.0,959.0,981.0,902.0,978.0,1000.0,954.0,955.0,906.0,962.0,998.0,1000.0,990.0,921.0,976.0,999.0,999.0,947.0,1000.0,988.0,962.0,964.0,945.0,918.0,976.0,985.0,948.0,920.0,999.0,888.0,997.0,965.0,994.0,927.0,1000.0,975.0,999.0,992.0,943.0,975.0,956.0,985.0,997.0,896.0,990.0,969.0,982.0,969.0,1000.0,985.0,998.0,1000.0,930.0,1000.0,934.0,942.0,959.0,952.0,972.0,1000.0,933.0,994.0,995.0,984.0,1000.0,999.0,982.0,627.0,999.0,999.0,991.0,835.0,989.0,901.0,965.0,902.0,933.0,926.0,988.0,955.0,1000.0,974.0,920.0,958.0,995.0,962.0,966.0,902.0,768.0,999.0,991.0,927.0,937.0,954.0,957.0,982.0,980.0,991.0,978.0,927.0,901.0,964.0,956.0,929.0,997.0,975.0,946.0,944.0,1000.0,998.0,974.0,987.0,1000.0,877.0,898.0,909.0,956.0,949.0,984.0,928.0,959.0,1000.0,975.0,990.0,956.0,987.0,1000.0,951.0,991.0,998.0,964.0,967.0,894.0,983.0,947.0,946.0,986.0,1000.0,936.0,999.0,920.0,970.0,1000.0,959.0,947.0,980.0,916.0,924.0,933.0,958.8125
12,12.0,999.0,989.0,999.0,988.0,893.0,985.0,955.0,959.0,993.0,999.0,947.0,995.0,993.0,892.0,959.0,916.0,825.0,942.0,965.0,995.0,879.0,1000.0,986.0,929.0,953.0,996.0,929.0,988.0,1000.0,915.0,991.0,936.0,935.0,946.0,1000.0,951.0,919.0,943.0,976.0,881.0,935.0,871.0,903.0,988.0,648.0,952.0,960.0,950.0,985.0,1000.0,951.0,971.0,999.0,871.0,967.0,1000.0,897.0,986.0,880.0,943.0,998.0,1000.0,990.0,886.0,1000.0,517.0,609.0,1000.0,988.0,940.0,1000.0,958.0,938.0,907.0,883.0,999.0,959.0,977.0,949.0,932.0,899.0,921.0,950.0,899.0,1000.0,988.0,996.0,954.0,914.0,1000.0,1000.0,1000.0,906.0,988.0,990.0,1000.0,897.0,949.0,943.0,947.0,924.0,876.0,929.0,997.0,1000.0,1000.0,977.0,964.0,981.0,964.0,947.0,921.0,953.0,937.0,986.0,999.0,909.0,980.0,992.0,937.0,883.0,1000.0,921.0,951.0,871.0,1000.0,969.0,915.0,979.0,935.0,967.0,902.0,934.0,885.0,945.0,892.0,958.0,989.0,957.0,956.0,987.0,999.0,900.0,968.0,893.0,926.0,920.0,1000.0,961.0,887.0,1000.0,976.0,924.0,1000.0,942.0,921.0,983.0,942.0,942.0,962.0,912.0,886.0,953.0,979.0,869.0,969.0,1000.0,935.0,946.0,887.0,955.0,998.0,1000.0,984.0,896.0,968.0,999.0,1000.0,924.0,1000.0,987.0,951.0,959.0,919.0,886.0,971.0,981.0,932.0,888.0,999.0,867.0,997.0,961.0,987.0,909.0,1000.0,968.0,999.0,990.0,915.0,969.0,923.0,979.0,995.0,864.0,987.0,960.0,974.0,952.0,1000.0,984.0,998.0,1000.0,911.0,1000.0,927.0,926.0,954.0,933.0,963.0,1000.0,923.0,992.0,992.0,979.0,1000.0,999.0,979.0,582.0,999.0,999.0,989.0,795.0,987.0,873.0,959.0,887.0,929.0,907.0,987.0,939.0,1000.0,965.0,900.0,948.0,993.0,952.0,958.0,876.0,707.0,999.0,991.0,906.0,916.0,948.0,945.0,970.0,969.0,993.0,974.0,911.0,878.0,952.0,938.0,910.0,995.0,964.0,931.0,925.0,1000.0,997.0,961.0,979.0,1000.0,850.0,881.0,894.0,950.0,937.0,982.0,902.0,952.0,1000.0,968.0,989.0,939.0,976.0,1000.0,934.0,985.0,998.0,953.0,959.0,862.0,969.0,939.0,917.0,988.0,1000.0,924.0,999.0,907.0,964.0,1000.0,945.0,931.0,976.0,893.0,911.0,897.0,948.2697368421053
13,13.0,1000.0,987.0,999.0,986.0,874.0,978.0,945.0,951.0,987.0,999.0,921.0,994.0,994.0,859.0,945.0,900.0,788.0,929.0,953.0,994.0,860.0,1000.0,986.0,905.0,937.0,993.0,919.0,988.0,1000.0,902.0,985.0,930.0,913.0,935.0,1000.0,942.0,898.0,927.0,970.0,864.0,921.0,842.0,885.0,983.0,577.0,938.0,953.0,935.0,978.0,1000.0,941.0,960.0,1000.0,847.0,958.0,1000.0,864.0,981.0,861.0,930.0,998.0,1000.0,980.0,874.0,1000.0,448.0,570.0,1000.0,984.0,931.0,1000.0,947.0,910.0,871.0,848.0,999.0,956.0,970.0,930.0,923.0,869.0,894.0,938.0,871.0,1000.0,984.0,993.0,936.0,897.0,1000.0,1000.0,1000.0,882.0,988.0,989.0,1000.0,878.0,926.0,930.0,933.0,894.0,856.0,912.0,995.0,1000.0,1000.0,969.0,957.0,973.0,953.0,926.0,907.0,930.0,915.0,982.0,999.0,878.0,976.0,988.0,925.0,860.0,1000.0,912.0,946.0,847.0,1000.0,964.0,901.0,973.0,928.0,959.0,869.0,920.0,859.0,932.0,869.0,943.0,991.0,953.0,946.0,984.0,998.0,876.0,963.0,864.0,917.0,903.0,1000.0,957.0,845.0,1000.0,962.0,908.0,1000.0,925.0,909.0,977.0,925.0,927.0,948.0,885.0,865.0,939.0,969.0,849.0,958.0,1000.0,918.0,943.0,860.0,937.0,996.0,1000.0,983.0,860.0,962.0,999.0,1000.0,900.0,1000.0,986.0,940.0,941.0,914.0,871.0,961.0,978.0,915.0,870.0,999.0,851.0,993.0,955.0,984.0,882.0,1000.0,960.0,999.0,982.0,907.0,957.0,911.0,977.0,993.0,833.0,986.0,947.0,962.0,942.0,1000.0,981.0,998.0,1000.0,889.0,1000.0,914.0,916.0,943.0,902.0,948.0,1000.0,905.0,987.0,987.0,973.0,1000.0,999.0,963.0,526.0,1000.0,999.0,986.0,758.0,981.0,847.0,952.0,875.0,918.0,882.0,982.0,923.0,1000.0,957.0,882.0,934.0,993.0,945.0,953.0,845.0,680.0,999.0,985.0,889.0,906.0,921.0,931.0,960.0,962.0,990.0,968.0,892.0,852.0,945.0,935.0,896.0,993.0,955.0,907.0,903.0,1000.0,997.0,952.0,972.0,1000.0,825.0,865.0,866.0,939.0,917.0,979.0,873.0,936.0,1000.0,958.0,980.0,925.0,968.0,1000.0,917.0,981.0,998.0,942.0,949.0,837.0,959.0,927.0,902.0,987.0,1000.0,905.0,999.0,881.0,951.0,1000.0,930.0,905.0,971.0,866.0,876.0,879.0,936.6809210526316
14,14.0,1000.0,983.0,999.0,981.0,857.0,972.0,922.0,938.0,983.0,999.0,908.0,993.0,995.0,830.0,926.0,855.0,752.0,925.0,941.0,985.0,840.0,1000.0,985.0,867.0,926.0,992.0,897.0,989.0,1000.0,869.0,984.0,912.0,902.0,907.0,1000.0,924.0,881.0,906.0,963.0,828.0,899.0,815.0,847.0,980.0,516.0,921.0,944.0,914.0,977.0,1000.0,924.0,952.0,1000.0,812.0,947.0,1000.0,842.0,976.0,830.0,910.0,998.0,1000.0,974.0,860.0,1000.0,383.0,520.0,1000.0,980.0,905.0,1000.0,931.0,897.0,846.0,817.0,1000.0,932.0,957.0,917.0,893.0,844.0,858.0,932.0,855.0,1000.0,981.0,993.0,924.0,885.0,1000.0,1000.0,1000.0,857.0,986.0,987.0,1000.0,836.0,925.0,917.0,921.0,861.0,823.0,880.0,995.0,1000.0,1000.0,955.0,941.0,963.0,941.0,910.0,877.0,903.0,901.0,973.0,999.0,852.0,971.0,979.0,912.0,832.0,1000.0,898.0,937.0,826.0,1000.0,946.0,867.0,968.0,921.0,949.0,840.0,883.0,818.0,908.0,848.0,926.0,991.0,931.0,934.0,976.0,997.0,851.0,955.0,834.0,906.0,884.0,1000.0,937.0,810.0,1000.0,948.0,893.0,1000.0,911.0,874.0,974.0,912.0,904.0,932.0,861.0,841.0,920.0,963.0,837.0,946.0,1000.0,903.0,922.0,825.0,915.0,993.0,1000.0,981.0,837.0,955.0,999.0,1000.0,856.0,1000.0,985.0,931.0,933.0,895.0,839.0,945.0,971.0,888.0,845.0,999.0,837.0,993.0,948.0,976.0,865.0,1000.0,960.0,999.0,973.0,872.0,952.0,888.0,969.0,988.0,794.0,982.0,931.0,955.0,927.0,1000.0,975.0,998.0,1000.0,867.0,1000.0,893.0,894.0,922.0,864.0,934.0,1000.0,889.0,987.0,986.0,962.0,1000.0,999.0,953.0,473.0,1000.0,1000.0,984.0,716.0,976.0,812.0,944.0,857.0,899.0,856.0,979.0,900.0,1000.0,944.0,854.0,923.0,990.0,928.0,944.0,799.0,635.0,999.0,983.0,857.0,894.0,902.0,919.0,952.0,955.0,987.0,964.0,874.0,816.0,931.0,923.0,872.0,993.0,945.0,889.0,892.0,1000.0,993.0,940.0,975.0,1000.0,792.0,838.0,845.0,923.0,892.0,962.0,840.0,925.0,1000.0,946.0,977.0,908.0,947.0,1000.0,903.0,972.0,998.0,931.0,935.0,779.0,939.0,895.0,875.0,983.0,1000.0,885.0,1000.0,840.0,936.0,1000.0,905.0,878.0,967.0,840.0,844.0,844.0,922.5032894736842
15,15.0,1000.0,980.0,999.0,975.0,834.0,958.0,909.0,934.0,977.0,999.0,874.0,991.0,994.0,798.0,910.0,834.0,715.0,917.0,926.0,983.0,815.0,1000.0,982.0,845.0,916.0,990.0,880.0,983.0,1000.0,854.0,980.0,901.0,889.0,882.0,1000.0,900.0,843.0,873.0,949.0,810.0,872.0,771.0,811.0,975.0,478.0,908.0,924.0,884.0,976.0,1000.0,900.0,944.0,1000.0,785.0,936.0,1000.0,798.0,969.0,807.0,893.0,999.0,1000.0,960.0,842.0,1000.0,337.0,441.0,1000.0,978.0,889.0,1000.0,918.0,846.0,811.0,773.0,1000.0,910.0,942.0,881.0,882.0,800.0,828.0,924.0,828.0,1000.0,976.0,991.0,908.0,871.0,1000.0,1000.0,1000.0,816.0,984.0,978.0,1000.0,805.0,907.0,911.0,896.0,835.0,792.0,862.0,994.0,1000.0,1000.0,943.0,926.0,957.0,917.0,883.0,849.0,875.0,886.0,972.0,999.0,813.0,967.0,975.0,889.0,794.0,1000.0,879.0,925.0,806.0,1000.0,935.0,847.0,961.0,896.0,933.0,812.0,854.0,782.0,899.0,825.0,910.0,991.0,899.0,924.0,975.0,994.0,834.0,951.0,793.0,893.0,851.0,1000.0,915.0,767.0,1000.0,931.0,868.0,1000.0,891.0,837.0,968.0,889.0,890.0,910.0,819.0,815.0,905.0,955.0,814.0,934.0,1000.0,878.0,905.0,793.0,885.0,995.0,1000.0,973.0,792.0,948.0,999.0,1000.0,829.0,1000.0,980.0,909.0,920.0,882.0,820.0,917.0,968.0,865.0,814.0,999.0,821.0,992.0,929.0,970.0,828.0,1000.0,952.0,999.0,966.0,858.0,942.0,859.0,964.0,982.0,764.0,973.0,915.0,942.0,906.0,1000.0,966.0,998.0,1000.0,838.0,1000.0,864.0,864.0,892.0,829.0,916.0,1000.0,865.0,986.0,984.0,955.0,1000.0,999.0,938.0,437.0,1000.0,1000.0,977.0,689.0,968.0,764.0,939.0,834.0,879.0,823.0,967.0,885.0,1000.0,937.0,826.0,908.0,986.0,906.0,933.0,753.0,588.0,999.0,979.0,818.0,855.0,870.0,895.0,941.0,946.0,979.0,956.0,849.0,790.0,913.0,898.0,845.0,987.0,931.0,872.0,857.0,1000.0,991.0,918.0,965.0,1000.0,763.0,819.0,819.0,899.0,868.0,950.0,783.0,905.0,1000.0,940.0,971.0,872.0,929.0,1000.0,886.0,966.0,998.0,921.0,930.0,720.0,918.0,875.0,849.0,975.0,1000.0,855.0,1000.0,787.0,924.0,1000.0,883.0,844.0,961.0,795.0,824.0,814.0,906.4769736842105
16,16.0,1000.0,971.0,999.0,972.0,793.0,940.0,891.0,919.0,976.0,999.0,846.0,988.0,992.0,776.0,885.0,805.0,688.0,896.0,914.0,974.0,781.0,1000.0,974.0,807.0,898.0,989.0,857.0,978.0,1000.0,830.0,976.0,883.0,865.0,851.0,1000.0,878.0,820.0,847.0,941.0,782.0,840.0,723.0,777.0,974.0,420.0,886.0,905.0,859.0,964.0,1000.0,879.0,921.0,1000.0,736.0,920.0,1000.0,774.0,960.0,773.0,876.0,999.0,1000.0,949.0,813.0,1000.0,296.0,413.0,1000.0,976.0,855.0,1000.0,887.0,807.0,776.0,723.0,1000.0,890.0,926.0,859.0,863.0,770.0,797.0,898.0,808.0,1000.0,962.0,986.0,876.0,858.0,1000.0,1000.0,1000.0,778.0,979.0,967.0,1000.0,761.0,878.0,899.0,881.0,803.0,774.0,849.0,993.0,1000.0,1000.0,927.0,914.0,951.0,895.0,853.0,811.0,838.0,873.0,962.0,999.0,769.0,961.0,969.0,863.0,746.0,1000.0,866.0,906.0,762.0,1000.0,912.0,825.0,953.0,877.0,913.0,784.0,810.0,749.0,874.0,805.0,884.0,991.0,873.0,901.0,970.0,994.0,820.0,939.0,751.0,871.0,834.0,1000.0,889.0,723.0,1000.0,910.0,837.0,1000.0,875.0,810.0,967.0,860.0,863.0,892.0,798.0,784.0,888.0,950.0,793.0,930.0,1000.0,862.0,882.0,744.0,852.0,989.0,1000.0,970.0,756.0,924.0,999.0,1000.0,798.0,1000.0,975.0,885.0,907.0,861.0,756.0,890.0,958.0,836.0,779.0,999.0,801.0,993.0,920.0,956.0,790.0,1000.0,942.0,999.0,948.0,843.0,928.0,834.0,954.0,977.0,720.0,970.0,890.0,929.0,886.0,1000.0,955.0,999.0,1000.0,814.0,1000.0,835.0,841.0,880.0,795.0,897.0,1000.0,848.0,980.0,976.0,940.0,1000.0,999.0,930.0,386.0,1000.0,1000.0,975.0,648.0,962.0,711.0,932.0,811.0,864.0,789.0,958.0,852.0,1000.0,926.0,782.0,901.0,980.0,884.0,909.0,713.0,555.0,999.0,971.0,790.0,814.0,852.0,874.0,930.0,935.0,970.0,948.0,835.0,762.0,892.0,880.0,819.0,986.0,917.0,847.0,836.0,1000.0,988.0,899.0,953.0,1000.0,724.0,795.0,781.0,888.0,846.0,935.0,736.0,875.0,1000.0,923.0,962.0,843.0,911.0,1000.0,856.0,956.0,998.0,899.0,909.0,652.0,887.0,852.0,822.0,967.0,1000.0,834.0,1000.0,746.0,892.0,1000.0,852.0,816.0,959.0,749.0,805.0,767.0,888.8026315789474
17,17.0,1000.0,966.0,999.0,967.0,769.0,923.0,861.0,903.0,971.0,999.0,819.0,982.0,988.0,733.0,859.0,766.0,662.0,874.0,897.0,964.0,730.0,1000.0,969.0,772.0,848.0,984.0,830.0,971.0,1000.0,790.0,972.0,850.0,843.0,808.0,1000.0,859.0,792.0,807.0,927.0,749.0,803.0,697.0,729.0,973.0,346.0,865.0,891.0,829.0,963.0,1000.0,857.0,911.0,1000.0,687.0,900.0,1000.0,733.0,951.0,751.0,851.0,999.0,1000.0,941.0,807.0,1000.0,283.0,353.0,1000.0,973.0,818.0,1000.0,863.0,757.0,734.0,677.0,1000.0,867.0,918.0,814.0,850.0,697.0,768.0,887.0,753.0,1000.0,958.0,985.0,852.0,840.0,1000.0,1000.0,1000.0,728.0,973.0,959.0,1000.0,700.0,837.0,864.0,862.0,773.0,732.0,839.0,992.0,1000.0,1000.0,908.0,883.0,935.0,868.0,822.0,788.0,795.0,840.0,945.0,999.0,739.0,953.0,961.0,833.0,705.0,1000.0,840.0,902.0,716.0,1000.0,884.0,795.0,943.0,847.0,894.0,760.0,777.0,708.0,857.0,765.0,865.0,985.0,848.0,881.0,967.0,994.0,800.0,932.0,686.0,849.0,805.0,1000.0,868.0,682.0,1000.0,889.0,816.0,1000.0,841.0,778.0,955.0,831.0,836.0,877.0,766.0,747.0,865.0,941.0,764.0,908.0,1000.0,835.0,859.0,688.0,829.0,987.0,1000.0,956.0,727.0,910.0,999.0,1000.0,766.0,1000.0,965.0,860.0,876.0,842.0,724.0,858.0,944.0,801.0,749.0,999.0,780.0,990.0,898.0,944.0,776.0,1000.0,933.0,999.0,938.0,812.0,898.0,799.0,948.0,965.0,688.0,962.0,861.0,906.0,859.0,1000.0,942.0,999.0,1000.0,781.0,1000.0,810.0,815.0,836.0,744.0,881.0,1000.0,835.0,974.0,969.0,923.0,1000.0,999.0,916.0,345.0,1000.0,1000.0,967.0,629.0,953.0,672.0,920.0,789.0,838.0,759.0,946.0,836.0,1000.0,910.0,759.0,890.0,973.0,865.0,897.0,655.0,510.0,999.0,966.0,738.0,759.0,832.0,856.0,911.0,922.0,967.0,943.0,799.0,726.0,869.0,857.0,803.0,985.0,895.0,827.0,808.0,1000.0,983.0,874.0,937.0,1000.0,692.0,781.0,728.0,871.0,827.0,911.0,673.0,850.0,1000.0,911.0,957.0,802.0,880.0,1000.0,831.0,942.0,998.0,876.0,898.0,580.0,852.0,825.0,787.0,962.0,1000.0,823.0,1000.0,694.0,862.0,1000.0,803.0,778.0,955.0,703.0,785.0,734.0,868.9703947368421
18,18.0,1000.0,958.0,999.0,955.0,735.0,899.0,845.0,887.0,969.0,999.0,773.0,980.0,986.0,690.0,837.0,728.0,634.0,858.0,865.0,963.0,707.0,1000.0,963.0,730.0,822.0,982.0,790.0,967.0,1000.0,732.0,969.0,839.0,801.0,773.0,1000.0,838.0,760.0,755.0,912.0,716.0,769.0,664.0,687.0,970.0,308.0,835.0,867.0,804.0,955.0,1000.0,819.0,886.0,1000.0,636.0,877.0,1000.0,695.0,930.0,723.0,825.0,999.0,1000.0,918.0,797.0,1000.0,255.0,318.0,1000.0,975.0,791.0,1000.0,833.0,716.0,690.0,632.0,1000.0,856.0,898.0,791.0,829.0,654.0,724.0,858.0,710.0,1000.0,950.0,984.0,828.0,815.0,1000.0,1000.0,1000.0,664.0,964.0,945.0,1000.0,669.0,804.0,852.0,838.0,727.0,706.0,815.0,992.0,1000.0,1000.0,891.0,850.0,925.0,834.0,773.0,753.0,743.0,815.0,939.0,998.0,698.0,945.0,942.0,800.0,647.0,1000.0,808.0,884.0,669.0,1000.0,857.0,769.0,927.0,788.0,866.0,721.0,744.0,658.0,833.0,732.0,838.0,980.0,813.0,865.0,958.0,992.0,779.0,916.0,637.0,810.0,784.0,1000.0,827.0,609.0,1000.0,878.0,786.0,1000.0,812.0,734.0,935.0,805.0,806.0,848.0,726.0,705.0,831.0,929.0,739.0,896.0,1000.0,810.0,844.0,633.0,789.0,982.0,1000.0,947.0,677.0,892.0,999.0,1000.0,727.0,1000.0,957.0,814.0,835.0,822.0,671.0,819.0,933.0,769.0,715.0,999.0,767.0,985.0,857.0,933.0,724.0,1000.0,920.0,999.0,918.0,792.0,887.0,765.0,927.0,959.0,640.0,953.0,831.0,891.0,840.0,1000.0,931.0,999.0,1000.0,756.0,1000.0,774.0,785.0,796.0,714.0,857.0,1000.0,815.0,972.0,964.0,906.0,1000.0,1000.0,888.0,302.0,1000.0,1000.0,956.0,598.0,943.0,620.0,908.0,755.0,806.0,700.0,944.0,801.0,1000.0,899.0,715.0,862.0,973.0,838.0,881.0,610.0,475.0,999.0,959.0,700.0,718.0,778.0,849.0,897.0,909.0,954.0,923.0,783.0,686.0,838.0,838.0,764.0,983.0,872.0,812.0,780.0,1000.0,975.0,830.0,929.0,1000.0,653.0,750.0,679.0,861.0,794.0,877.0,619.0,794.0,1000.0,888.0,939.0,755.0,845.0,1000.0,809.0,935.0,998.0,862.0,890.0,540.0,816.0,783.0,750.0,955.0,1000.0,810.0,1000.0,647.0,835.0,1000.0,759.0,760.0,932.0,658.0,753.0,696.0,847.1546052631579
19,19.0,1000.0,957.0,999.0,935.0,711.0,879.0,802.0,864.0,955.0,999.0,734.0,972.0,983.0,667.0,809.0,697.0,587.0,842.0,827.0,958.0,678.0,1000.0,957.0,698.0,786.0,980.0,768.0,952.0,1000.0,705.0,960.0,807.0,763.0,722.0,1000.0,808.0,726.0,709.0,899.0,683.0,702.0,613.0,649.0,963.0,272.0,792.0,848.0,765.0,948.0,1000.0,782.0,874.0,1000.0,570.0,865.0,1000.0,657.0,913.0,688.0,804.0,999.0,1000.0,898.0,776.0,1000.0,224.0,274.0,1000.0,964.0,751.0,1000.0,787.0,667.0,643.0,594.0,1000.0,831.0,871.0,732.0,809.0,604.0,686.0,829.0,674.0,1000.0,933.0,979.0,794.0,793.0,1000.0,1000.0,1000.0,623.0,961.0,930.0,1000.0,633.0,764.0,826.0,819.0,675.0,683.0,793.0,988.0,1000.0,1000.0,866.0,816.0,908.0,807.0,729.0,731.0,714.0,777.0,924.0,996.0,661.0,936.0,933.0,753.0,583.0,1000.0,781.0,869.0,605.0,1000.0,819.0,735.0,912.0,742.0,847.0,698.0,730.0,632.0,812.0,720.0,800.0,975.0,776.0,838.0,946.0,987.0,764.0,907.0,576.0,798.0,772.0,1000.0,792.0,549.0,1000.0,858.0,753.0,1000.0,799.0,686.0,925.0,768.0,772.0,830.0,679.0,664.0,797.0,909.0,710.0,880.0,1000.0,775.0,799.0,582.0,735.0,981.0,1000.0,940.0,646.0,867.0,999.0,1000.0,682.0,1000.0,946.0,766.0,788.0,800.0,620.0,768.0,912.0,725.0,672.0,999.0,728.0,984.0,821.0,915.0,699.0,1000.0,907.0,999.0,889.0,769.0,865.0,733.0,902.0,940.0,618.0,942.0,777.0,861.0,822.0,1000.0,918.0,999.0,1000.0,722.0,1000.0,742.0,755.0,756.0,676.0,835.0,1000.0,789.0,963.0,940.0,874.0,1000.0,1000.0,860.0,287.0,1000.0,1000.0,940.0,569.0,933.0,558.0,894.0,730.0,770.0,652.0,932.0,765.0,1000.0,875.0,694.0,847.0,966.0,819.0,868.0,560.0,439.0,999.0,948.0,638.0,676.0,742.0,817.0,879.0,882.0,946.0,917.0,751.0,651.0,805.0,805.0,720.0,984.0,865.0,803.0,755.0,1000.0,968.0,788.0,910.0,1000.0,622.0,717.0,644.0,824.0,767.0,846.0,571.0,767.0,1000.0,872.0,925.0,712.0,807.0,1000.0,786.0,902.0,998.0,835.0,887.0,456.0,781.0,755.0,711.0,954.0,1000.0,788.0,1000.0,609.0,802.0,1000.0,722.0,731.0,919.0,589.0,714.0,633.0,824.0888157894736
20,20.0,1000.0,942.0,999.0,925.0,675.0,855.0,759.0,850.0,952.0,999.0,685.0,967.0,975.0,612.0,779.0,647.0,525.0,816.0,781.0,948.0,642.0,1000.0,949.0,652.0,747.0,975.0,740.0,942.0,1000.0,648.0,951.0,774.0,736.0,678.0,1000.0,772.0,690.0,636.0,885.0,652.0,645.0,577.0,608.0,950.0,261.0,769.0,813.0,725.0,939.0,1000.0,744.0,857.0,1000.0,502.0,830.0,1000.0,623.0,885.0,660.0,775.0,999.0,1000.0,879.0,751.0,1000.0,220.0,248.0,1000.0,952.0,717.0,1000.0,763.0,627.0,588.0,559.0,1000.0,819.0,843.0,687.0,791.0,548.0,632.0,814.0,642.0,1000.0,918.0,976.0,756.0,761.0,1000.0,1000.0,1000.0,573.0,947.0,915.0,1000.0,579.0,719.0,805.0,793.0,646.0,665.0,739.0,983.0,1000.0,1000.0,837.0,795.0,895.0,778.0,670.0,709.0,672.0,748.0,904.0,995.0,603.0,914.0,916.0,725.0,520.0,1000.0,736.0,849.0,538.0,1000.0,780.0,705.0,896.0,710.0,831.0,661.0,694.0,593.0,786.0,685.0,766.0,972.0,740.0,814.0,935.0,986.0,749.0,890.0,515.0,758.0,751.0,1000.0,765.0,497.0,1000.0,837.0,724.0,1000.0,773.0,641.0,912.0,735.0,758.0,795.0,656.0,621.0,761.0,883.0,677.0,864.0,1000.0,724.0,775.0,532.0,705.0,977.0,1000.0,919.0,608.0,845.0,999.0,1000.0,644.0,1000.0,934.0,736.0,738.0,766.0,574.0,710.0,892.0,685.0,630.0,999.0,696.0,979.0,788.0,889.0,668.0,1000.0,885.0,998.0,867.0,741.0,834.0,710.0,883.0,925.0,597.0,920.0,735.0,830.0,791.0,1000.0,911.0,999.0,1000.0,692.0,1000.0,723.0,705.0,711.0,621.0,796.0,1000.0,764.0,959.0,938.0,839.0,1000.0,1000.0,840.0,254.0,1000.0,1000.0,932.0,522.0,914.0,502.0,881.0,686.0,743.0,594.0,908.0,724.0,1000.0,854.0,659.0,815.0,953.0,781.0,843.0,523.0,400.0,999.0,936.0,572.0,620.0,711.0,787.0,860.0,867.0,934.0,908.0,725.0,617.0,762.0,763.0,679.0,978.0,829.0,780.0,723.0,1000.0,950.0,736.0,881.0,1000.0,598.0,674.0,611.0,794.0,747.0,811.0,529.0,722.0,1000.0,844.0,914.0,636.0,765.0,1000.0,752.0,882.0,998.0,812.0,875.0,414.0,739.0,715.0,675.0,943.0,1000.0,774.0,1000.0,575.0,763.0,1000.0,685.0,714.0,904.0,532.0,686.0,614.0,799.3092105263158
21,21.0,1000.0,925.0,999.0,904.0,648.0,822.0,713.0,824.0,943.0,999.0,622.0,960.0,970.0,552.0,759.0,608.0,485.0,786.0,742.0,920.0,603.0,1000.0,931.0,600.0,707.0,965.0,718.0,924.0,1000.0,597.0,948.0,751.0,703.0,617.0,1000.0,747.0,658.0,579.0,858.0,625.0,599.0,519.0,563.0,932.0,243.0,732.0,788.0,691.0,924.0,1000.0,701.0,823.0,1000.0,428.0,812.0,1000.0,558.0,865.0,611.0,735.0,999.0,1000.0,844.0,714.0,1000.0,207.0,223.0,1000.0,943.0,687.0,1000.0,715.0,569.0,528.0,517.0,1000.0,795.0,814.0,656.0,768.0,482.0,595.0,792.0,605.0,1000.0,903.0,965.0,734.0,730.0,1000.0,1000.0,1000.0,528.0,938.0,890.0,1000.0,520.0,656.0,774.0,765.0,607.0,633.0,704.0,980.0,1000.0,1000.0,817.0,763.0,884.0,730.0,624.0,685.0,633.0,711.0,885.0,994.0,545.0,892.0,900.0,687.0,457.0,1000.0,687.0,827.0,468.0,1000.0,736.0,673.0,861.0,664.0,800.0,639.0,670.0,549.0,754.0,640.0,713.0,959.0,697.0,777.0,921.0,982.0,717.0,878.0,454.0,715.0,729.0,1000.0,724.0,457.0,1000.0,812.0,684.0,1000.0,752.0,595.0,887.0,710.0,718.0,759.0,611.0,599.0,737.0,855.0,655.0,841.0,1000.0,703.0,746.0,488.0,683.0,970.0,1000.0,902.0,571.0,819.0,999.0,1000.0,590.0,1000.0,924.0,677.0,671.0,747.0,520.0,661.0,853.0,654.0,597.0,999.0,665.0,979.0,758.0,859.0,619.0,1000.0,870.0,997.0,831.0,710.0,810.0,683.0,862.0,903.0,557.0,895.0,681.0,800.0,757.0,1000.0,892.0,999.0,1000.0,657.0,1000.0,655.0,664.0,652.0,557.0,760.0,1000.0,740.0,951.0,929.0,813.0,1000.0,1000.0,820.0,239.0,1000.0,1000.0,911.0,494.0,908.0,457.0,862.0,639.0,716.0,555.0,896.0,688.0,1000.0,819.0,612.0,788.0,934.0,753.0,808.0,480.0,360.0,999.0,924.0,528.0,572.0,677.0,761.0,840.0,845.0,916.0,878.0,702.0,590.0,732.0,744.0,643.0,972.0,802.0,754.0,681.0,1000.0,934.0,688.0,858.0,1000.0,560.0,645.0,561.0,756.0,704.0,762.0,487.0,650.0,1000.0,815.0,898.0,586.0,721.0,1000.0,726.0,858.0,998.0,785.0,856.0,362.0,690.0,681.0,643.0,927.0,1000.0,747.0,1000.0,526.0,729.0,1000.0,646.0,685.0,887.0,478.0,641.0,550.0,772.5657894736842
22,22.0,1000.0,909.0,999.0,885.0,609.0,779.0,672.0,815.0,926.0,999.0,588.0,953.0,964.0,514.0,717.0,574.0,433.0,775.0,704.0,902.0,568.0,1000.0,913.0,566.0,647.0,959.0,687.0,906.0,1000.0,540.0,942.0,711.0,672.0,561.0,1000.0,716.0,610.0,520.0,833.0,605.0,546.0,494.0,525.0,918.0,247.0,685.0,753.0,663.0,898.0,1000.0,661.0,804.0,1000.0,364.0,787.0,1000.0,519.0,830.0,585.0,674.0,999.0,1000.0,812.0,676.0,1000.0,203.0,205.0,1000.0,923.0,659.0,1000.0,680.0,529.0,500.0,473.0,1000.0,756.0,786.0,621.0,757.0,418.0,543.0,768.0,566.0,1000.0,879.0,957.0,681.0,713.0,1000.0,1000.0,1000.0,475.0,923.0,852.0,1000.0,483.0,600.0,747.0,741.0,571.0,601.0,670.0,971.0,1000.0,1000.0,799.0,733.0,856.0,679.0,560.0,656.0,593.0,682.0,857.0,992.0,507.0,866.0,880.0,661.0,402.0,1000.0,640.0,815.0,413.0,1000.0,704.0,639.0,833.0,610.0,776.0,628.0,635.0,506.0,726.0,607.0,667.0,941.0,646.0,738.0,895.0,972.0,683.0,860.0,409.0,661.0,724.0,1000.0,669.0,393.0,1000.0,792.0,648.0,1000.0,729.0,558.0,850.0,682.0,681.0,719.0,570.0,568.0,705.0,819.0,627.0,822.0,1000.0,652.0,713.0,425.0,643.0,964.0,1000.0,883.0,520.0,803.0,999.0,1000.0,544.0,1000.0,913.0,620.0,612.0,701.0,456.0,608.0,831.0,615.0,567.0,999.0,635.0,972.0,714.0,833.0,564.0,1000.0,862.0,995.0,788.0,675.0,790.0,632.0,837.0,876.0,527.0,866.0,629.0,765.0,727.0,1000.0,865.0,999.0,1000.0,629.0,1000.0,615.0,603.0,597.0,503.0,729.0,1000.0,732.0,944.0,914.0,771.0,1000.0,1000.0,803.0,234.0,1000.0,1000.0,902.0,471.0,887.0,403.0,837.0,601.0,690.0,509.0,877.0,654.0,1000.0,788.0,575.0,758.0,928.0,726.0,775.0,433.0,349.0,1000.0,910.0,486.0,516.0,632.0,731.0,819.0,810.0,908.0,855.0,650.0,568.0,685.0,718.0,607.0,969.0,779.0,719.0,652.0,1000.0,917.0,631.0,835.0,1000.0,533.0,609.0,520.0,725.0,659.0,704.0,445.0,609.0,1000.0,792.0,877.0,531.0,682.0,1000.0,684.0,824.0,998.0,755.0,842.0,332.0,641.0,626.0,612.0,912.0,1000.0,724.0,1000.0,483.0,695.0,1000.0,601.0,668.0,872.0,439.0,597.0,502.0,745.7697368421053
23,23.0,1000.0,884.0,999.0,859.0,569.0,726.0,612.0,793.0,911.0,999.0,537.0,941.0,947.0,462.0,692.0,545.0,395.0,759.0,679.0,880.0,536.0,1000.0,893.0,527.0,606.0,948.0,658.0,879.0,1000.0,479.0,929.0,679.0,635.0,494.0,1000.0,699.0,574.0,474.0,798.0,593.0,490.0,455.0,493.0,896.0,232.0,646.0,713.0,624.0,879.0,1000.0,618.0,769.0,1000.0,319.0,757.0,1000.0,474.0,807.0,541.0,636.0,999.0,1000.0,785.0,656.0,1000.0,224.0,186.0,1000.0,905.0,616.0,1000.0,636.0,502.0,471.0,414.0,1000.0,720.0,738.0,596.0,723.0,373.0,512.0,731.0,503.0,1000.0,863.0,951.0,667.0,662.0,1000.0,1000.0,1000.0,429.0,902.0,819.0,1000.0,441.0,574.0,724.0,697.0,513.0,565.0,635.0,966.0,1000.0,1000.0,770.0,691.0,827.0,630.0,538.0,642.0,536.0,648.0,829.0,990.0,457.0,838.0,854.0,637.0,346.0,1000.0,589.0,799.0,381.0,1000.0,661.0,594.0,771.0,576.0,748.0,594.0,601.0,470.0,690.0,566.0,615.0,928.0,595.0,717.0,876.0,967.0,646.0,843.0,371.0,619.0,692.0,1000.0,612.0,334.0,1000.0,783.0,612.0,1000.0,702.0,510.0,799.0,658.0,644.0,673.0,542.0,542.0,682.0,782.0,610.0,778.0,1000.0,624.0,677.0,376.0,605.0,949.0,1000.0,856.0,497.0,755.0,999.0,1000.0,493.0,1000.0,898.0,558.0,570.0,661.0,413.0,547.0,788.0,565.0,520.0,999.0,592.0,966.0,656.0,803.0,520.0,1000.0,825.0,992.0,739.0,624.0,762.0,589.0,799.0,839.0,491.0,844.0,571.0,718.0,710.0,1000.0,833.0,999.0,1000.0,586.0,1000.0,569.0,562.0,536.0,453.0,687.0,1000.0,705.0,932.0,895.0,732.0,1000.0,1000.0,771.0,222.0,1000.0,1000.0,885.0,450.0,864.0,363.0,824.0,570.0,659.0,467.0,868.0,607.0,1000.0,747.0,544.0,715.0,906.0,694.0,751.0,367.0,313.0,1000.0,899.0,456.0,462.0,596.0,704.0,794.0,795.0,875.0,830.0,626.0,536.0,641.0,699.0,571.0,963.0,757.0,695.0,629.0,1000.0,904.0,577.0,783.0,1000.0,524.0,575.0,471.0,699.0,642.0,641.0,381.0,549.0,1000.0,749.0,850.0,479.0,630.0,1000.0,646.0,785.0,998.0,714.0,822.0,307.0,597.0,581.0,575.0,889.0,1000.0,691.0,1000.0,446.0,652.0,1000.0,566.0,642.0,857.0,417.0,558.0,456.0,717.7401315789474
24,24.0,1000.0,856.0,999.0,833.0,518.0,688.0,557.0,756.0,881.0,999.0,492.0,928.0,928.0,428.0,653.0,528.0,363.0,731.0,642.0,851.0,500.0,1000.0,882.0,469.0,569.0,926.0,627.0,857.0,1000.0,434.0,922.0,654.0,605.0,447.0,1000.0,657.0,542.0,416.0,760.0,569.0,426.0,437.0,473.0,877.0,243.0,588.0,675.0,598.0,855.0,1000.0,572.0,742.0,1000.0,244.0,716.0,1000.0,435.0,771.0,502.0,600.0,999.0,1000.0,760.0,633.0,1000.0,223.0,196.0,1000.0,871.0,571.0,1000.0,599.0,478.0,439.0,381.0,1000.0,699.0,706.0,551.0,691.0,330.0,490.0,693.0,458.0,1000.0,851.0,934.0,646.0,637.0,1000.0,1000.0,1000.0,400.0,889.0,780.0,1000.0,409.0,527.0,698.0,658.0,477.0,528.0,587.0,958.0,1000.0,1000.0,733.0,628.0,800.0,562.0,485.0,616.0,503.0,629.0,784.0,987.0,402.0,793.0,827.0,594.0,298.0,1000.0,536.0,784.0,337.0,1000.0,608.0,575.0,731.0,542.0,708.0,566.0,552.0,450.0,650.0,523.0,555.0,907.0,540.0,680.0,844.0,953.0,616.0,824.0,333.0,569.0,681.0,1000.0,537.0,291.0,1000.0,760.0,560.0,1000.0,671.0,475.0,758.0,625.0,617.0,625.0,502.0,510.0,635.0,750.0,585.0,752.0,1000.0,589.0,646.0,340.0,564.0,924.0,1000.0,833.0,450.0,703.0,999.0,1000.0,438.0,1000.0,875.0,514.0,527.0,617.0,356.0,494.0,731.0,536.0,476.0,999.0,564.0,960.0,622.0,755.0,480.0,1000.0,797.0,987.0,677.0,593.0,738.0,534.0,759.0,792.0,467.0,822.0,504.0,671.0,695.0,1000.0,796.0,999.0,1000.0,542.0,1000.0,514.0,497.0,505.0,403.0,656.0,1000.0,676.0,924.0,887.0,678.0,1000.0,1000.0,750.0,213.0,1000.0,1000.0,857.0,435.0,835.0,319.0,807.0,525.0,619.0,408.0,855.0,579.0,1000.0,712.0,511.0,678.0,883.0,664.0,717.0,356.0,279.0,1000.0,865.0,416.0,416.0,560.0,667.0,773.0,767.0,860.0,809.0,600.0,515.0,586.0,658.0,518.0,956.0,732.0,659.0,571.0,1000.0,876.0,523.0,755.0,1000.0,467.0,522.0,439.0,673.0,598.0,588.0,343.0,483.0,1000.0,731.0,823.0,427.0,583.0,1000.0,623.0,759.0,998.0,694.0,801.0,284.0,557.0,533.0,539.0,863.0,1000.0,655.0,1000.0,383.0,608.0,1000.0,547.0,594.0,832.0,369.0,535.0,412.0,689.108552631579
25,25.0,1000.0,830.0,999.0,820.0,475.0,664.0,513.0,717.0,864.0,999.0,445.0,901.0,909.0,399.0,628.0,491.0,339.0,699.0,598.0,840.0,465.0,1000.0,861.0,431.0,551.0,911.0,580.0,836.0,1000.0,381.0,906.0,622.0,549.0,388.0,1000.0,627.0,502.0,394.0,742.0,535.0,378.0,399.0,441.0,861.0,254.0,556.0,628.0,574.0,823.0,1000.0,538.0,698.0,1000.0,226.0,686.0,1000.0,398.0,735.0,463.0,533.0,999.0,1000.0,717.0,622.0,1000.0,225.0,203.0,1000.0,838.0,555.0,1000.0,555.0,462.0,404.0,352.0,1000.0,675.0,661.0,503.0,644.0,289.0,451.0,631.0,428.0,1000.0,821.0,914.0,609.0,613.0,1000.0,1000.0,1000.0,378.0,876.0,750.0,1000.0,390.0,479.0,671.0,606.0,454.0,487.0,569.0,948.0,1000.0,1000.0,700.0,571.0,774.0,502.0,427.0,569.0,454.0,599.0,759.0,986.0,366.0,769.0,804.0,554.0,280.0,1000.0,480.0,762.0,307.0,1000.0,576.0,532.0,694.0,504.0,651.0,529.0,513.0,410.0,623.0,477.0,494.0,874.0,499.0,655.0,812.0,941.0,568.0,800.0,297.0,509.0,659.0,1000.0,477.0,286.0,1000.0,732.0,530.0,1000.0,646.0,423.0,699.0,593.0,587.0,565.0,461.0,467.0,605.0,715.0,567.0,729.0,1000.0,556.0,606.0,321.0,529.0,904.0,1000.0,800.0,435.0,662.0,999.0,1000.0,406.0,1000.0,856.0,457.0,496.0,604.0,319.0,448.0,678.0,489.0,442.0,999.0,534.0,957.0,568.0,711.0,423.0,1000.0,765.0,986.0,623.0,570.0,685.0,494.0,728.0,759.0,418.0,769.0,457.0,612.0,674.0,1000.0,786.0,999.0,1000.0,507.0,1000.0,459.0,456.0,448.0,351.0,606.0,1000.0,645.0,910.0,863.0,635.0,1000.0,1000.0,732.0,232.0,1000.0,1000.0,831.0,397.0,804.0,298.0,782.0,487.0,580.0,366.0,838.0,550.0,1000.0,658.0,498.0,647.0,859.0,618.0,680.0,322.0,251.0,1000.0,838.0,372.0,356.0,519.0,649.0,764.0,738.0,833.0,779.0,570.0,485.0,564.0,624.0,479.0,947.0,707.0,633.0,546.0,1000.0,850.0,467.0,724.0,1000.0,445.0,493.0,410.0,637.0,559.0,535.0,310.0,450.0,1000.0,699.0,794.0,366.0,538.0,1000.0,597.0,733.0,998.0,647.0,766.0,268.0,483.0,500.0,518.0,836.0,1000.0,626.0,1000.0,348.0,561.0,1000.0,514.0,587.0,797.0,322.0,498.0,369.0,661.6381578947369
26,26.0,1000.0,804.0,999.0,796.0,430.0,615.0,459.0,680.0,845.0,999.0,429.0,880.0,886.0,354.0,578.0,447.0,329.0,676.0,558.0,808.0,450.0,1000.0,842.0,414.0,505.0,887.0,562.0,796.0,1000.0,330.0,887.0,608.0,516.0,354.0,1000.0,594.0,464.0,354.0,715.0,506.0,331.0,371.0,430.0,843.0,257.0,509.0,582.0,544.0,801.0,1000.0,473.0,660.0,1000.0,207.0,652.0,1000.0,375.0,697.0,436.0,492.0,999.0,1000.0,687.0,594.0,1000.0,222.0,200.0,1000.0,785.0,522.0,1000.0,504.0,440.0,383.0,319.0,1000.0,644.0,621.0,467.0,602.0,281.0,423.0,581.0,391.0,1000.0,795.0,908.0,573.0,572.0,1000.0,1000.0,1000.0,346.0,856.0,722.0,1000.0,355.0,432.0,648.0,549.0,417.0,456.0,543.0,946.0,1000.0,1000.0,682.0,517.0,736.0,465.0,376.0,536.0,385.0,553.0,717.0,985.0,331.0,726.0,775.0,523.0,253.0,1000.0,432.0,717.0,282.0,1000.0,534.0,506.0,634.0,453.0,609.0,503.0,486.0,372.0,576.0,445.0,446.0,847.0,431.0,627.0,777.0,932.0,510.0,769.0,261.0,457.0,621.0,1000.0,425.0,281.0,1000.0,705.0,503.0,1000.0,628.0,373.0,650.0,548.0,550.0,525.0,428.0,426.0,564.0,678.0,522.0,689.0,1000.0,507.0,570.0,289.0,479.0,880.0,1000.0,773.0,397.0,612.0,999.0,1000.0,359.0,1000.0,832.0,421.0,459.0,567.0,276.0,387.0,606.0,467.0,391.0,999.0,501.0,951.0,512.0,653.0,396.0,1000.0,737.0,975.0,573.0,526.0,651.0,462.0,689.0,734.0,376.0,729.0,395.0,580.0,655.0,1000.0,756.0,999.0,1000.0,475.0,1000.0,434.0,402.0,410.0,311.0,547.0,1000.0,637.0,900.0,858.0,588.0,1000.0,1000.0,676.0,241.0,1000.0,1000.0,798.0,363.0,767.0,266.0,764.0,455.0,539.0,338.0,813.0,514.0,1000.0,606.0,458.0,605.0,839.0,562.0,658.0,298.0,225.0,1000.0,814.0,352.0,313.0,487.0,607.0,744.0,701.0,809.0,744.0,523.0,448.0,505.0,600.0,445.0,930.0,694.0,600.0,506.0,1000.0,827.0,420.0,674.0,1000.0,379.0,448.0,392.0,606.0,529.0,490.0,291.0,419.0,1000.0,659.0,753.0,342.0,473.0,1000.0,570.0,700.0,998.0,600.0,727.0,273.0,428.0,456.0,490.0,804.0,1000.0,605.0,1000.0,298.0,531.0,1000.0,469.0,552.0,776.0,290.0,486.0,335.0,633.3947368421053
27,27.0,1000.0,787.0,999.0,763.0,404.0,578.0,396.0,641.0,831.0,1000.0,407.0,859.0,854.0,317.0,521.0,407.0,300.0,635.0,503.0,782.0,421.0,1000.0,815.0,371.0,479.0,871.0,529.0,764.0,1000.0,292.0,866.0,590.0,478.0,308.0,1000.0,567.0,419.0,334.0,688.0,478.0,286.0,329.0,410.0,806.0,240.0,482.0,533.0,512.0,770.0,1000.0,433.0,623.0,1000.0,201.0,613.0,1000.0,343.0,653.0,405.0,453.0,999.0,1000.0,632.0,573.0,1000.0,234.0,223.0,1000.0,749.0,485.0,1000.0,469.0,408.0,363.0,283.0,1000.0,621.0,587.0,422.0,560.0,262.0,412.0,540.0,372.0,1000.0,761.0,882.0,516.0,536.0,1000.0,1000.0,1000.0,328.0,847.0,672.0,1000.0,330.0,392.0,622.0,514.0,376.0,417.0,505.0,934.0,1000.0,1000.0,652.0,484.0,700.0,443.0,353.0,498.0,347.0,532.0,669.0,979.0,302.0,707.0,752.0,477.0,257.0,1000.0,403.0,691.0,247.0,1000.0,499.0,466.0,579.0,432.0,568.0,457.0,434.0,343.0,548.0,401.0,409.0,817.0,374.0,596.0,735.0,910.0,493.0,743.0,231.0,411.0,588.0,1000.0,390.0,267.0,1000.0,659.0,468.0,1000.0,591.0,341.0,599.0,506.0,528.0,477.0,402.0,396.0,525.0,649.0,469.0,646.0,1000.0,468.0,524.0,254.0,420.0,852.0,1000.0,711.0,373.0,563.0,999.0,1000.0,319.0,1000.0,814.0,390.0,403.0,521.0,232.0,328.0,531.0,434.0,378.0,999.0,471.0,945.0,447.0,613.0,386.0,1000.0,700.0,971.0,524.0,492.0,613.0,425.0,644.0,689.0,326.0,697.0,356.0,527.0,635.0,1000.0,726.0,999.0,1000.0,445.0,1000.0,381.0,348.0,352.0,268.0,516.0,1000.0,599.0,876.0,842.0,537.0,1000.0,1000.0,654.0,252.0,1000.0,1000.0,752.0,321.0,744.0,253.0,738.0,436.0,505.0,292.0,787.0,487.0,1000.0,569.0,434.0,577.0,816.0,482.0,609.0,297.0,209.0,1000.0,786.0,314.0,273.0,446.0,574.0,718.0,661.0,780.0,724.0,491.0,425.0,447.0,565.0,407.0,910.0,666.0,591.0,470.0,1000.0,797.0,371.0,625.0,1000.0,363.0,411.0,359.0,574.0,490.0,437.0,295.0,392.0,1000.0,627.0,706.0,311.0,434.0,1000.0,537.0,660.0,998.0,576.0,698.0,270.0,394.0,425.0,463.0,768.0,1000.0,577.0,1000.0,281.0,483.0,1000.0,423.0,490.0,739.0,276.0,463.0,310.0,606.1151315789474
28,28.0,1000.0,765.0,999.0,739.0,367.0,538.0,347.0,614.0,798.0,1000.0,361.0,826.0,825.0,287.0,470.0,361.0,297.0,599.0,469.0,729.0,403.0,1000.0,774.0,338.0,456.0,848.0,493.0,739.0,1000.0,263.0,844.0,551.0,446.0,277.0,1000.0,532.0,387.0,307.0,662.0,439.0,257.0,324.0,364.0,775.0,233.0,423.0,488.0,470.0,753.0,1000.0,399.0,586.0,1000.0,219.0,568.0,1000.0,306.0,623.0,367.0,438.0,999.0,1000.0,604.0,526.0,1000.0,228.0,236.0,1000.0,703.0,448.0,1000.0,439.0,374.0,353.0,275.0,1000.0,592.0,568.0,385.0,541.0,270.0,385.0,486.0,347.0,1000.0,720.0,851.0,481.0,500.0,1000.0,1000.0,1000.0,315.0,822.0,632.0,1000.0,310.0,356.0,617.0,482.0,351.0,400.0,469.0,911.0,1000.0,1000.0,629.0,456.0,660.0,409.0,301.0,471.0,311.0,487.0,609.0,973.0,279.0,664.0,724.0,430.0,232.0,1000.0,375.0,675.0,238.0,1000.0,472.0,450.0,536.0,382.0,532.0,430.0,397.0,306.0,502.0,372.0,362.0,775.0,348.0,562.0,692.0,888.0,455.0,710.0,242.0,369.0,557.0,1000.0,350.0,273.0,1000.0,610.0,423.0,1000.0,565.0,324.0,552.0,478.0,494.0,434.0,395.0,354.0,504.0,627.0,456.0,599.0,1000.0,434.0,496.0,234.0,365.0,821.0,1000.0,684.0,352.0,492.0,999.0,1000.0,304.0,1000.0,788.0,343.0,363.0,471.0,214.0,303.0,470.0,403.0,353.0,999.0,438.0,929.0,398.0,559.0,361.0,1000.0,665.0,959.0,474.0,467.0,575.0,397.0,607.0,638.0,311.0,625.0,316.0,467.0,606.0,1000.0,693.0,999.0,1000.0,417.0,1000.0,356.0,320.0,334.0,251.0,456.0,1000.0,567.0,860.0,805.0,494.0,1000.0,1000.0,617.0,245.0,1000.0,1000.0,705.0,313.0,704.0,238.0,711.0,405.0,475.0,266.0,754.0,462.0,1000.0,511.0,394.0,525.0,768.0,419.0,571.0,273.0,203.0,1000.0,766.0,308.0,258.0,425.0,525.0,708.0,619.0,743.0,685.0,481.0,391.0,399.0,540.0,363.0,888.0,643.0,565.0,439.0,1000.0,749.0,332.0,585.0,1000.0,331.0,377.0,334.0,527.0,447.0,401.0,276.0,353.0,1000.0,583.0,651.0,283.0,385.0,1000.0,510.0,642.0,998.0,527.0,664.0,253.0,359.0,388.0,454.0,726.0,1000.0,539.0,1000.0,257.0,428.0,1000.0,391.0,457.0,701.0,251.0,437.0,291.0,579.983552631579
29,29.0,1000.0,723.0,999.0,721.0,336.0,487.0,306.0,579.0,757.0,1000.0,342.0,794.0,787.0,276.0,419.0,330.0,282.0,574.0,430.0,697.0,393.0,1000.0,742.0,311.0,424.0,830.0,463.0,698.0,1000.0,242.0,826.0,529.0,430.0,263.0,1000.0,507.0,348.0,301.0,626.0,395.0,253.0,275.0,361.0,744.0,223.0,372.0,461.0,443.0,723.0,1000.0,366.0,545.0,1000.0,223.0,524.0,1000.0,283.0,595.0,316.0,403.0,999.0,1000.0,566.0,507.0,1000.0,243.0,255.0,1000.0,674.0,401.0,1000.0,431.0,339.0,310.0,246.0,1000.0,568.0,557.0,350.0,497.0,256.0,362.0,436.0,333.0,1000.0,673.0,831.0,440.0,464.0,1000.0,1000.0,1000.0,320.0,811.0,592.0,1000.0,298.0,321.0,582.0,438.0,347.0,370.0,430.0,904.0,1000.0,1000.0,605.0,447.0,631.0,367.0,256.0,433.0,263.0,458.0,564.0,965.0,265.0,633.0,699.0,405.0,233.0,1000.0,348.0,635.0,262.0,1000.0,425.0,444.0,482.0,352.0,485.0,397.0,341.0,296.0,460.0,327.0,338.0,728.0,316.0,527.0,645.0,863.0,405.0,654.0,224.0,318.0,525.0,1000.0,309.0,244.0,1000.0,571.0,386.0,1000.0,528.0,307.0,494.0,460.0,450.0,401.0,366.0,342.0,480.0,599.0,419.0,535.0,1000.0,406.0,463.0,226.0,322.0,783.0,1000.0,659.0,325.0,445.0,999.0,1000.0,293.0,1000.0,762.0,290.0,330.0,419.0,204.0,258.0,410.0,364.0,328.0,999.0,413.0,917.0,336.0,518.0,329.0,1000.0,629.0,952.0,415.0,436.0,554.0,362.0,570.0,584.0,311.0,583.0,285.0,429.0,598.0,1000.0,667.0,999.0,1000.0,398.0,1000.0,331.0,303.0,314.0,239.0,405.0,1000.0,520.0,836.0,780.0,459.0,1000.0,1000.0,576.0,258.0,1000.0,1000.0,665.0,288.0,667.0,216.0,680.0,369.0,432.0,254.0,727.0,427.0,1000.0,470.0,372.0,485.0,729.0,384.0,521.0,250.0,196.0,1000.0,740.0,271.0,242.0,390.0,482.0,669.0,588.0,709.0,626.0,444.0,362.0,375.0,502.0,342.0,865.0,627.0,539.0,409.0,1000.0,698.0,310.0,498.0,1000.0,297.0,366.0,295.0,495.0,405.0,347.0,273.0,327.0,1000.0,542.0,603.0,274.0,352.0,1000.0,492.0,611.0,998.0,490.0,629.0,246.0,319.0,353.0,415.0,702.0,1000.0,517.0,1000.0,256.0,392.0,1000.0,348.0,435.0,672.0,247.0,395.0,262.0,555.0888157894736
30,30.0,1000.0,691.0,999.0,702.0,311.0,440.0,272.0,551.0,736.0,1000.0,339.0,763.0,729.0,259.0,370.0,314.0,280.0,543.0,373.0,675.0,364.0,1000.0,711.0,288.0,380.0,809.0,430.0,648.0,1000.0,239.0,792.0,485.0,401.0,257.0,1000.0,465.0,315.0,267.0,591.0,358.0,256.0,252.0,323.0,712.0,232.0,342.0,452.0,448.0,684.0,1000.0,368.0,521.0,1000.0,237.0,480.0,1000.0,276.0,527.0,297.0,349.0,999.0,1000.0,510.0,474.0,1000.0,230.0,242.0,1000.0,626.0,374.0,1000.0,403.0,297.0,287.0,236.0,1000.0,536.0,531.0,313.0,447.0,251.0,336.0,384.0,305.0,1000.0,629.0,815.0,403.0,425.0,1000.0,1000.0,1000.0,332.0,793.0,535.0,1000.0,264.0,304.0,538.0,395.0,332.0,347.0,392.0,880.0,1000.0,1000.0,560.0,411.0,560.0,337.0,239.0,387.0,271.0,429.0,545.0,959.0,264.0,600.0,671.0,378.0,228.0,1000.0,319.0,599.0,249.0,1000.0,404.0,438.0,405.0,313.0,436.0,347.0,307.0,298.0,417.0,317.0,334.0,677.0,295.0,469.0,594.0,840.0,374.0,607.0,240.0,280.0,488.0,1000.0,282.0,248.0,1000.0,530.0,372.0,1000.0,491.0,274.0,445.0,403.0,392.0,368.0,328.0,304.0,451.0,568.0,379.0,496.0,1000.0,373.0,440.0,231.0,281.0,739.0,1000.0,620.0,314.0,407.0,999.0,1000.0,293.0,1000.0,727.0,283.0,313.0,387.0,213.0,249.0,385.0,331.0,291.0,999.0,367.0,896.0,295.0,496.0,318.0,1000.0,583.0,930.0,378.0,403.0,508.0,333.0,501.0,532.0,291.0,533.0,252.0,372.0,571.0,1000.0,633.0,999.0,1000.0,361.0,1000.0,318.0,279.0,304.0,244.0,374.0,1000.0,487.0,822.0,753.0,441.0,1000.0,1000.0,538.0,268.0,1000.0,1000.0,600.0,260.0,633.0,217.0,647.0,362.0,380.0,246.0,705.0,399.0,1000.0,411.0,338.0,457.0,682.0,346.0,476.0,237.0,176.0,1000.0,717.0,250.0,229.0,363.0,436.0,650.0,527.0,677.0,575.0,414.0,336.0,343.0,463.0,321.0,834.0,594.0,511.0,374.0,1000.0,655.0,292.0,446.0,1000.0,281.0,331.0,281.0,449.0,373.0,314.0,263.0,308.0,1000.0,495.0,550.0,271.0,346.0,1000.0,457.0,585.0,998.0,454.0,582.0,247.0,279.0,333.0,401.0,674.0,1000.0,488.0,1000.0,274.0,338.0,1000.0,339.0,407.0,648.0,251.0,382.0,255.0,531.2203947368421
31,31.0,1000.0,674.0,999.0,656.0,295.0,407.0,231.0,520.0,699.0,1000.0,315.0,719.0,680.0,257.0,348.0,294.0,276.0,521.0,350.0,641.0,363.0,1000.0,670.0,266.0,344.0,767.0,408.0,608.0,1000.0,206.0,770.0,464.0,392.0,238.0,1000.0,407.0,282.0,268.0,534.0,344.0,267.0,241.0,296.0,685.0,234.0,323.0,412.0,433.0,652.0,1000.0,341.0,472.0,1000.0,239.0,453.0,1000.0,257.0,478.0,266.0,334.0,999.0,1000.0,471.0,437.0,1000.0,237.0,242.0,1000.0,579.0,342.0,1000.0,373.0,294.0,270.0,228.0,1000.0,500.0,490.0,276.0,410.0,240.0,331.0,347.0,299.0,1000.0,593.0,791.0,370.0,391.0,1000.0,1000.0,1000.0,320.0,776.0,492.0,1000.0,265.0,274.0,495.0,351.0,312.0,343.0,365.0,862.0,1000.0,1000.0,534.0,380.0,506.0,293.0,226.0,372.0,260.0,390.0,486.0,954.0,261.0,569.0,615.0,346.0,249.0,1000.0,288.0,569.0,263.0,1000.0,374.0,403.0,367.0,289.0,393.0,338.0,273.0,295.0,382.0,297.0,295.0,622.0,276.0,433.0,536.0,820.0,352.0,555.0,247.0,257.0,434.0,1000.0,262.0,252.0,1000.0,497.0,347.0,1000.0,458.0,260.0,397.0,396.0,357.0,326.0,307.0,302.0,402.0,529.0,342.0,455.0,1000.0,342.0,425.0,233.0,265.0,681.0,1000.0,575.0,309.0,357.0,999.0,1000.0,263.0,1000.0,706.0,254.0,305.0,348.0,225.0,232.0,349.0,303.0,286.0,999.0,339.0,880.0,264.0,463.0,303.0,1000.0,550.0,921.0,353.0,362.0,474.0,302.0,457.0,487.0,275.0,494.0,239.0,314.0,530.0,1000.0,607.0,999.0,1000.0,348.0,1000.0,285.0,274.0,305.0,253.0,329.0,1000.0,467.0,789.0,720.0,408.0,1000.0,1000.0,520.0,278.0,1000.0,1000.0,549.0,253.0,590.0,202.0,608.0,349.0,351.0,236.0,676.0,363.0,1000.0,356.0,301.0,418.0,627.0,318.0,438.0,226.0,182.0,1000.0,690.0,231.0,224.0,333.0,394.0,624.0,483.0,644.0,529.0,379.0,332.0,297.0,446.0,295.0,810.0,556.0,500.0,349.0,1000.0,619.0,261.0,408.0,1000.0,272.0,294.0,238.0,398.0,356.0,297.0,255.0,304.0,1000.0,454.0,515.0,261.0,319.0,1000.0,438.0,563.0,998.0,427.0,543.0,249.0,265.0,306.0,388.0,647.0,1000.0,465.0,1000.0,255.0,307.0,1000.0,306.0,398.0,630.0,250.0,357.0,240.0,509.7203947368421
